pr,ease,t_ms,seamI_deg,seamO_deg,inner_rMin,inner_rMax,outer_rMin,outer_rMax,00 - Inbox_arcFrac,00 - Inbox_alphaFrac,01 - Projects_arcFrac,01 - Projects_alphaFrac,02 - Areas_arcFrac,02 - Areas_alphaFrac,04 - Daily Notes_arcFrac,04 - Daily Notes_alphaFrac,05 - Meeting Notes_arcFrac,05 - Meeting Notes_alphaFrac,06 - Zettelkasten_arcFrac,06 - Zettelkasten_alphaFrac,07 - Weekly Reviews_arcFrac,07 - Weekly Reviews_alphaFrac,08 - Archive_arcFrac,08 - Archive_alphaFrac,09 - Maps of Content_arcFrac,09 - Maps of Content_alphaFrac,10 - Literature Notes_arcFrac,10 - Literature Notes_alphaFrac,11 - Clippings_arcFrac,11 - Clippings_alphaFrac,12 - Journal_arcFrac,12 - Journal_alphaFrac,13 - Someday Maybe_arcFrac,13 - Someday Maybe_alphaFrac,14 - Reading List_arcFrac,14 - Reading List_alphaFrac,15 - Courses_arcFrac,15 - Courses_alphaFrac,(vault root)_arcFrac,(vault root)_alphaFrac,03 - Resources_arc,03 - Resources_noteArc
0.0000,0.0000,0,10.69,6.17,1105.9,1754.4,2656.7,3936.7,1,1,1,1,1,1,1,1,1,1,1,1,1,1,1,1,1,1,1,1,1,1,1,1,1,1,1,1,1,1,1,1,64.9,61.1
0.0030,0.0000,15.5,10.68,6.17,1105.9,1754.4,2656.7,3936.7,0.997,1,1,1,1,1,1.001,1,1,1,1,1,1,1,1.001,1,0.998,1,0.997,1,0.998,1,0.998,1,0.997,0.999,0.997,1,1.001,1,0.997,0.999,65,61.2
0.0050,0.0001,23.6,10.68,6.17,1105.9,1754.4,2656.7,3936.8,0.996,0.999,1,1,1,1,1.001,1,1,1,1,1,1,1,1.001,1,0.997,1,0.995,1,0.997,1,0.997,1,0.996,0.998,0.996,1,1.001,1,0.996,0.998,65,61.2
0.0060,0.0001,37.6,10.67,6.17,1105.9,1754.4,2656.7,3936.8,0.994,0.998,1,1,1,1,1.002,1,1,1,1,1,1,1,1.002,1,0.996,1,0.994,1,0.996,1,0.996,1,0.994,0.997,0.994,1,1.002,1,0.994,0.997,65,61.3
0.0080,0.0002,54.4,10.66,6.17,1105.9,1754.5,2656.7,3936.9,0.992,0.996,1,1,1,1,1.003,1,1,1,1,1,1,1,1.003,1,0.995,1,0.992,1,0.995,1,0.995,0.999,0.992,0.995,0.992,1,1.002,1,0.992,0.995,65.1,61.3
0.0110,0.0004,70.8,10.66,6.17,1105.9,1754.5,2656.7,3937,0.99,0.994,1,0.999,1,1,1.003,1,1,1,1,1,1,1,1.003,1,0.993,1,0.99,0.999,0.993,0.999,0.993,0.998,0.99,0.991,0.99,1,1.003,1,0.99,0.991,65.1,61.3
0.0130,0.0005,87.7,10.65,6.17,1105.9,1754.5,2656.7,3937.2,0.988,0.991,1,0.999,1.001,1,1.004,1,1.001,1,1.001,1,1.001,1,1.004,1,0.991,0.999,0.987,0.999,0.991,0.999,0.991,0.998,0.988,0.986,0.988,1,1.004,1,0.988,0.986,65.2,61.4
0.0160,0.0008,104.4,10.64,6.17,1105.9,1754.6,2656.7,3937.5,0.985,0.987,0.999,0.998,1.001,1,1.005,1,1.001,1,1.001,1,1.001,1,1.005,1,0.989,0.999,0.985,0.999,0.989,0.998,0.989,0.997,0.985,0.98,0.985,1,1.005,1,0.985,0.98,65.2,61.4
0.0190,0.0011,121.2,10.63,6.17,1105.9,1754.7,2656.7,3937.8,0.983,0.982,0.999,0.998,1.001,1,1.006,1,1.001,1,1.001,1,1.001,1,1.006,1,0.988,0.999,0.982,0.999,0.988,0.998,0.988,0.996,0.983,0.974,0.983,1,1.006,1,0.983,0.974,65.3,61.5
0.0210,0.0013,137.7,10.64,6.17,1105.9,1754.8,2656.7,3938.2,0.981,0.977,0.998,0.996,1.001,1,1.007,1,1.001,1,1.001,1,1.001,1,1.007,1,0.986,0.999,0.98,0.998,0.986,0.997,0.986,0.994,0.981,0.966,0.981,1,1.007,1,0.981,0.966,65.3,61.5
0.0240,0.0017,154.2,10.63,6.17,1105.9,1754.9,2656.7,3938.7,0.978,0.972,0.997,0.995,1.002,1,1.008,1,1.002,1,1.002,1,1.002,1,1.008,1,0.984,0.998,0.978,0.998,0.984,0.996,0.984,0.993,0.978,0.958,0.978,1,1.007,1,0.978,0.958,65.4,61.6
0.0260,0.0020,170.9,10.62,6.19,1105.9,1755,2656.7,3939.2,0.976,0.966,0.996,0.993,1.002,1,1.008,1,1.002,1,1.002,1,1.002,1,1.008,1,0.982,0.998,0.975,0.997,0.982,0.996,0.982,0.992,0.976,0.949,0.976,1,1.008,1,0.976,0.949,65.4,61.6
0.0290,0.0025,187.6,10.62,6.19,1105.9,1755.1,2656.7,3939.9,0.974,0.96,0.994,0.992,1.002,1,1.009,1,1.002,1,1.002,1,1.003,1,1.009,1,0.98,0.997,0.973,0.997,0.98,0.995,0.98,0.99,0.974,0.939,0.974,1,1.009,1,0.974,0.939,65.5,61.7
0.0320,0.0030,204.2,10.63,6.19,1105.9,1755.3,2656.7,3940.6,0.972,0.953,0.992,0.989,1.003,1,1.01,1,1.003,1,1.003,1,1.003,1,1.01,1,0.979,0.996,0.971,0.996,0.979,0.994,0.979,0.988,0.972,0.929,0.972,1,1.01,1,0.972,0.929,65.5,61.7
0.0340,0.0034,221.1,10.62,6.18,1105.9,1755.5,2656.7,3941.4,0.97,0.946,0.99,0.986,1.004,1,1.011,1,1.004,1,1.004,1,1.004,1,1.011,1,0.977,0.996,0.969,0.995,0.977,0.993,0.977,0.986,0.97,0.918,0.97,1,1.01,1,0.97,0.918,65.6,61.8
0.0370,0.0040,237.6,10.63,6.18,1105.9,1755.7,2656.7,3942.2,0.967,0.938,0.988,0.983,1.004,1,1.012,1,1.004,1,1.004,1,1.004,1,1.012,1,0.975,0.995,0.967,0.994,0.975,0.992,0.975,0.984,0.967,0.907,0.967,1,1.011,1,0.967,0.907,65.6,61.8
0.0390,0.0044,254.4,10.62,6.2,1105.9,1755.9,2656.7,3943.2,0.965,0.93,0.985,0.98,1.005,1,1.012,1,1.005,1,1.005,1,1.005,1,1.012,1,0.973,0.994,0.965,0.993,0.973,0.991,0.973,0.982,0.965,0.895,0.965,1,1.012,1,0.965,0.895,65.7,61.9
0.0420,0.0051,271,10.61,6.2,1105.9,1756.1,2656.7,3944.2,0.963,0.922,0.982,0.976,1.006,1,1.013,1,1.006,1,1.006,1,1.006,1,1.013,1,0.971,0.993,0.963,0.992,0.971,0.99,0.971,0.98,0.963,0.882,0.963,1,1.013,1,0.963,0.882,65.7,61.9
0.0450,0.0059,287.7,10.63,6.2,1105.9,1756.3,2656.7,3945.3,0.961,0.913,0.978,0.971,1.007,1,1.014,1,1.007,1,1.007,1,1.007,1,1.014,1,0.97,0.992,0.961,0.991,0.97,0.989,0.97,0.978,0.961,0.869,0.961,1,1.014,1,0.961,0.869,65.8,62
0.0470,0.0064,304.4,10.62,6.22,1105.9,1756.6,2656.7,3946.5,0.959,0.904,0.974,0.966,1.008,1,1.015,1,1.008,1,1.008,1,1.008,1,1.015,1,0.968,0.991,0.96,0.99,0.968,0.987,0.968,0.976,0.959,0.856,0.959,1,1.015,1,0.959,0.856,65.9,62
0.0500,0.0073,321,10.63,6.22,1105.9,1756.9,2656.7,3947.7,0.957,0.895,0.97,0.96,1.009,1,1.016,1,1.009,1,1.009,1,1.009,1,1.016,1,0.966,0.99,0.958,0.989,0.966,0.986,0.966,0.974,0.957,0.843,0.957,1,1.015,1,0.957,0.843,65.9,62.1
0.0520,0.0078,338.1,10.62,6.22,1105.9,1757.2,2656.7,3949,0.955,0.886,0.965,0.954,1.01,1,1.017,1,1.01,1,1.01,1,1.01,1,1.017,1,0.964,0.989,0.956,0.987,0.964,0.984,0.964,0.971,0.955,0.829,0.955,1,1.016,1,0.955,0.829,66,62.1
0.0550,0.0087,354.4,10.63,6.24,1105.9,1757.5,2656.7,3950.4,0.953,0.876,0.96,0.948,1.011,1,1.017,1,1.011,1,1.011,1,1.011,1,1.017,1,0.962,0.987,0.955,0.986,0.962,0.983,0.962,0.969,0.953,0.814,0.953,1,1.017,1,0.953,0.814,66,62.2
0.0580,0.0097,371.1,10.65,6.24,1105.9,1757.8,2656.7,3951.9,0.951,0.867,0.954,0.941,1.013,1,1.018,1,1.013,1,1.013,1,1.013,1,1.018,1,0.96,0.986,0.954,0.984,0.96,0.981,0.96,0.967,0.951,0.801,0.951,1,1.018,1,0.951,0.801,66.1,62.2
0.0600,0.0104,387.7,10.64,6.26,1105.9,1758.2,2656.7,3953.5,0.949,0.857,0.948,0.933,1.014,1,1.019,1,1.014,1,1.014,1,1.014,1,1.019,1,0.958,0.984,0.952,0.983,0.958,0.979,0.958,0.964,0.949,0.786,0.949,1,1.019,1,0.949,0.786,66.1,62.2
0.0630,0.0114,404.4,10.65,6.26,1105.9,1758.5,2656.7,3955.1,0.947,0.848,0.941,0.924,1.016,1,1.02,1,1.016,1,1.016,1,1.016,1,1.02,1,0.957,0.983,0.951,0.981,0.957,0.977,0.957,0.962,0.947,0.771,0.947,1,1.019,1,0.947,0.771,66.2,62.3
0.0650,0.0121,421.2,10.66,6.26,1105.9,1758.9,2656.7,3956.8,0.945,0.838,0.934,0.916,1.017,1,1.021,1,1.017,1,1.017,1,1.018,1,1.021,1,0.955,0.981,0.95,0.979,0.955,0.975,0.955,0.959,0.945,0.757,0.945,1,1.02,1,0.945,0.757,66.2,62.3
0.0680,0.0132,437.9,10.65,6.28,1105.9,1759.3,2656.7,3958.6,0.943,0.828,0.926,0.906,1.019,1,1.021,1,1.019,1,1.019,1,1.019,1,1.021,1,0.953,0.979,0.949,0.977,0.953,0.973,0.953,0.957,0.943,0.742,0.943,1,1.021,1,0.943,0.742,66.3,62.4
0.0710,0.0144,454.5,10.67,6.28,1105.9,1759.8,2656.7,3960.4,0.942,0.818,0.918,0.896,1.021,1,1.022,1,1.021,1,1.021,1,1.021,1,1.022,1,0.951,0.977,0.948,0.975,0.951,0.971,0.951,0.955,0.942,0.727,0.942,1,1.022,1,0.942,0.727,66.3,62.4
0.0730,0.0152,471.2,10.68,6.3,1105.9,1760.2,2656.7,3962.3,0.94,0.809,0.91,0.885,1.023,1,1.023,1,1.023,1,1.023,1,1.023,1,1.023,1,0.949,0.976,0.948,0.973,0.949,0.969,0.949,0.952,0.94,0.713,0.94,1,1.023,1,0.94,0.713,66.4,62.5
0.0760,0.0165,487.8,10.69,6.3,1105.9,1760.6,2656.7,3964.3,0.938,0.799,0.9,0.874,1.026,1,1.024,1,1.026,1,1.026,1,1.026,1,1.024,1,0.947,0.973,0.947,0.971,0.947,0.967,0.947,0.95,0.938,0.698,0.938,1,1.023,1,0.938,0.698,66.4,62.5
0.0780,0.0173,504.5,10.68,6.32,1105.9,1761.1,2656.7,3966.4,0.936,0.789,0.891,0.862,1.028,1,1.025,1,1.028,1,1.028,1,1.028,1,1.025,1,0.945,0.971,0.946,0.969,0.945,0.964,0.945,0.947,0.936,0.684,0.936,1,1.024,1,0.936,0.684,66.5,62.6
0.0810,0.0186,521.3,10.69,6.32,1105.9,1761.6,2656.7,3968.5,0.934,0.78,0.881,0.85,1.03,1,1.025,1,1.03,1,1.03,1,1.03,1,1.025,1,0.943,0.969,0.946,0.967,0.943,0.962,0.943,0.945,0.934,0.67,0.934,1,1.025,1,0.934,0.67,66.5,62.6
0.0840,0.0200,538,10.71,6.34,1105.9,1762.1,2656.7,3970.7,0.933,0.771,0.87,0.837,1.033,1,1.026,1,1.033,1,1.033,1,1.033,1,1.026,1,0.941,0.967,0.946,0.964,0.941,0.959,0.941,0.942,0.933,0.656,0.933,1,1.026,1,0.933,0.656,66.6,62.7
0.0860,0.0209,554.6,10.72,6.36,1105.9,1762.6,2656.7,3973,0.931,0.762,0.858,0.823,1.035,1,1.027,1,1.036,1,1.035,1,1.035,1,1.027,1,0.939,0.965,0.945,0.962,0.939,0.957,0.939,0.94,0.931,0.643,0.931,1,1.027,1,0.931,0.643,66.6,62.7
0.0890,0.0224,571.2,10.73,6.36,1105.9,1763.2,2656.1,3974.8,0.929,0.753,0.846,0.809,1.038,1,1.028,1,1.038,1,1.038,1,1.038,1,1.028,1,0.937,0.962,0.945,0.96,0.937,0.954,0.938,0.937,0.929,0.629,0.929,1,1.027,1,0.929,0.629,66.7,62.7
0.0920,0.0238,588.1,10.74,6.38,1105.9,1763.7,2655,3976.1,0.927,0.744,0.834,0.795,1.041,1,1.029,1,1.041,1,1.041,1,1.041,1,1.029,1,0.936,0.96,0.945,0.957,0.936,0.951,0.936,0.934,0.927,0.617,0.927,1,1.028,1,0.927,0.617,66.7,62.8
0.0940,0.0248,604.8,10.76,6.38,1105.9,1764.3,2653.5,3977.1,0.926,0.736,0.821,0.78,1.044,1,1.03,1,1.044,1,1.044,1,1.044,1,1.03,1,0.934,0.957,0.945,0.954,0.934,0.949,0.934,0.931,0.926,0.604,0.926,1,1.029,1,0.926,0.604,66.8,62.8
0.0970,0.0264,621.4,10.77,6.4,1105.9,1764.9,2651.6,3977.8,0.924,0.728,0.808,0.764,1.047,1,1.03,1,1.047,1,1.047,1,1.047,1,1.03,1,0.932,0.955,0.945,0.952,0.932,0.946,0.932,0.928,0.924,0.592,0.924,1,1.03,1,0.924,0.592,66.9,62.9
0.0990,0.0275,638.1,10.78,6.42,1105.9,1765.5,2649.6,3978.3,0.922,0.72,0.794,0.748,1.051,1,1.031,1,1.051,1,1.051,1,1.05,1,1.031,1,0.93,0.952,0.945,0.949,0.93,0.943,0.93,0.925,0.922,0.581,0.922,1,1.031,1,0.922,0.581,66.9,62.9
0.1020,0.0291,654.8,10.79,6.42,1105.9,1766.1,2647.3,3978.8,0.921,0.713,0.779,0.731,1.054,1,1.032,1,1.054,1,1.054,1,1.054,1,1.032,1,0.928,0.949,0.946,0.946,0.928,0.94,0.928,0.922,0.921,0.57,0.921,1,1.032,1,0.921,0.57,67,63
0.1050,0.0308,671.4,10.8,6.44,1105.9,1766.7,2644.8,3979.1,0.919,0.706,0.765,0.715,1.057,1,1.033,1,1.058,1,1.057,1,1.057,1,1.033,1,0.926,0.946,0.946,0.944,0.926,0.937,0.926,0.918,0.919,0.56,0.919,1,1.032,1,0.919,0.56,67,63
0.1070,0.0319,688.1,10.82,6.46,1105.9,1767.4,2642.2,3979.3,0.917,0.7,0.749,0.697,1.061,1,1.034,1,1.061,1,1.061,1,1.061,1,1.034,1,0.924,0.944,0.947,0.941,0.924,0.934,0.924,0.915,0.917,0.55,0.917,1,1.033,1,0.917,0.55,67.1,63
0.1100,0.0336,704.8,10.83,6.46,1105.9,1768,2639.5,3979.5,0.916,0.694,0.733,0.679,1.065,1,1.034,1,1.065,1,1.065,1,1.064,1,1.034,1,0.922,0.941,0.947,0.938,0.922,0.931,0.922,0.912,0.916,0.541,0.916,1,1.034,1,0.916,0.541,67.1,63.1
0.1120,0.0348,721.4,10.84,6.48,1105.9,1768.7,2636.7,3979.6,0.914,0.689,0.717,0.661,1.068,1,1.035,1,1.069,1,1.068,1,1.068,1,1.035,1,0.92,0.938,0.948,0.935,0.92,0.929,0.92,0.909,0.914,0.533,0.914,1,1.035,1,0.914,0.533,67.2,63.1
0.1150,0.0366,738.2,10.87,6.5,1105.9,1769.4,2633.7,3979.7,0.913,0.684,0.701,0.643,1.072,1,1.036,1,1.073,1,1.072,1,1.072,1,1.036,1,0.918,0.935,0.948,0.932,0.918,0.926,0.918,0.906,0.913,0.526,0.913,1,1.036,1,0.913,0.526,67.2,63.2
0.1180,0.0385,754.9,10.88,6.52,1105.9,1770.1,2624.9,3973.9,0.911,0.679,0.683,0.624,1.076,1,1.037,1,1.077,1,1.076,1,1.076,1,1.037,1,0.916,0.932,0.949,0.929,0.916,0.923,0.916,0.903,0.911,0.519,0.911,1,1.036,1,0.911,0.519,67.3,63.2
0.1200,0.0397,771.6,10.9,6.51,1105.9,1770.9,2618.3,3970.5,0.91,0.676,0.666,0.605,1.08,1,1.038,1,1.081,1,1.08,1,1.08,1,1.038,1,0.914,0.929,0.95,0.926,0.914,0.92,0.914,0.9,0.91,0.514,0.91,1,1.037,1,0.91,0.514,67.3,63.3
0.1230,0.0417,788.2,10.91,6.53,1105.9,1771.6,2613.3,3968.7,0.908,0.673,0.648,0.585,1.084,1,1.038,1,1.085,1,1.084,1,1.084,1,1.038,1,0.912,0.926,0.951,0.923,0.912,0.917,0.912,0.897,0.908,0.509,0.908,1,1.038,1,0.908,0.509,67.4,63.3
0.1250,0.0430,804.9,10.94,6.55,1105.9,1772.4,2609.6,3968.3,0.907,0.67,0.63,0.566,1.089,1,1.039,1,1.089,1,1.089,1,1.088,1,1.039,1,0.91,0.923,0.952,0.92,0.91,0.914,0.91,0.894,0.907,0.505,0.907,1,1.039,1,0.907,0.505,67.4,63.3
0.1280,0.0450,821.6,10.95,6.57,1105.9,1773.2,2606.7,3968.8,0.905,0.668,0.612,0.546,1.093,1,1.04,1,1.093,1,1.093,1,1.092,1,1.04,1,0.908,0.92,0.952,0.917,0.908,0.911,0.908,0.891,0.905,0.502,0.905,1,1.04,1,0.905,0.502,67.5,63.4
0.1310,0.0470,838.4,10.96,6.59,1105.9,1774,2604.6,3970.1,0.904,0.667,0.593,0.526,1.097,1,1.041,1,1.098,1,1.097,1,1.097,1,1.041,1,0.906,0.917,0.953,0.914,0.906,0.908,0.906,0.889,0.904,0.501,0.904,1,1.04,1,0.904,0.501,67.5,63.4
0.1330,0.0484,855.1,11,6.59,1105.9,1774.8,2603.1,3972,0.902,0.667,0.574,0.506,1.101,1,1.042,1,1.102,1,1.102,1,1.101,1,1.042,1,0.904,0.914,0.954,0.911,0.904,0.905,0.904,0.886,0.902,0.5,0.902,1,1.041,1,0.902,0.5,67.6,63.5
0.1360,0.0505,871.6,11.01,6.61,1105.9,1775.6,2601.9,3974.4,0.901,0.667,0.557,0.486,1.106,1,1.042,1,1.106,1,1.106,1,1.105,1,1.042,1,0.902,0.911,0.955,0.908,0.902,0.903,0.902,0.884,0.901,0.5,0.901,1,1.042,1,0.901,0.5,67.6,63.5
0.1380,0.0519,888.2,11.04,6.63,1105.9,1776.5,2601,3977.1,0.899,0.667,0.542,0.467,1.109,1,1.043,1,1.11,1,1.109,1,1.109,1,1.043,1,0.9,0.908,0.955,0.906,0.9,0.9,0.9,0.882,0.899,0.5,0.899,1,1.043,1,0.899,0.5,67.7,63.6
0.1410,0.0540,904.9,11.05,6.65,1105.9,1777.3,2600.3,3980.1,0.898,0.667,0.526,0.447,1.112,1,1.044,1,1.113,1,1.113,1,1.112,1,1.044,1,0.898,0.906,0.956,0.903,0.898,0.897,0.898,0.879,0.898,0.5,0.898,1,1.044,1,0.898,0.5,67.7,63.6
0.1440,0.0562,921.6,11.08,6.67,1105.9,1778.2,2599.8,3983.3,0.897,0.667,0.51,0.427,1.116,0.999,1.045,1,1.117,1,1.117,1,1.116,1,1.045,1,0.895,0.903,0.956,0.9,0.896,0.894,0.896,0.877,0.897,0.5,0.897,1,1.045,1,0.897,0.5,67.8,63.2
0.1460,0.0577,938.4,11.1,6.68,1105.9,1779.1,2599.5,3986.8,0.895,0.667,0.494,0.407,1.119,0.998,1.046,1,1.121,1,1.121,1,1.12,1,1.046,1,0.893,0.9,0.956,0.897,0.894,0.891,0.894,0.874,0.895,0.5,0.895,1,1.045,1,0.895,0.5,67.9,63.6
0.1490,0.0600,955,11.13,6.7,1105.9,1780,2599.2,3990.3,0.894,0.667,0.478,0.388,1.122,0.997,1.046,1,1.125,1,1.125,1,1.125,1,1.046,1,0.891,0.897,0.957,0.894,0.891,0.888,0.892,0.872,0.894,0.5,0.894,1,1.046,1,0.894,0.5,67.9,63.7
0.1510,0.0615,971.5,11.14,6.71,1105.9,1780.9,2599,3994,0.892,0.667,0.461,0.369,1.125,0.996,1.047,1,1.129,1,1.129,1,1.129,1,1.047,1,0.889,0.894,0.958,0.891,0.889,0.885,0.89,0.869,0.892,0.5,0.892,1,1.047,1,0.892,0.5,68,63.8
0.1540,0.0638,988.4,11.17,6.73,1105.9,1781.9,2598.8,3997.8,0.891,0.667,0.444,0.35,1.127,0.994,1.048,1,1.134,1,1.133,1,1.133,1,1.048,1,0.887,0.891,0.958,0.888,0.887,0.883,0.888,0.867,0.891,0.5,0.891,1,1.048,1,0.891,0.5,68,63.8
0.1570,0.0662,1005,11.18,6.74,1105.9,1782.8,2598.7,4001.7,0.89,0.667,0.419,0.331,1.131,0.992,1.049,1,1.14,1,1.14,1,1.139,1,1.049,1,0.885,0.888,0.961,0.885,0.885,0.88,0.886,0.865,0.89,0.5,0.89,1,1.049,1,0.89,0.5,68.1,63.8
0.1590,0.0678,1021.8,11.22,6.76,1105.9,1783.8,2598.6,4005.7,0.888,0.667,0.395,0.313,1.133,0.989,1.05,1,1.146,1,1.146,1,1.145,1,1.05,1,0.883,0.885,0.963,0.882,0.883,0.877,0.884,0.862,0.888,0.5,0.888,1,1.05,1,0.888,0.5,68.1,63.9
0.1620,0.0702,1038.5,11.25,6.77,1105.9,1784.8,2598.5,4009.8,0.887,0.667,0.372,0.295,1.136,0.986,1.05,1,1.152,1,1.152,1,1.151,1,1.051,1,0.881,0.882,0.965,0.879,0.881,0.874,0.881,0.86,0.887,0.5,0.887,1,1.05,1,0.887,0.5,68.2,63.9
0.1650,0.0727,1055,11.28,6.78,1105.9,1785.8,2598.5,4014,0.886,0.667,0.351,0.278,1.137,0.982,1.051,0.999,1.158,1,1.157,1,1.156,1,1.051,1,0.879,0.879,0.967,0.876,0.879,0.871,0.879,0.857,0.886,0.5,0.886,1,1.051,1,0.886,0.5,68.2,64
0.1670,0.0744,1071.7,11.29,6.8,1105.9,1786.8,2598.5,4018.2,0.885,0.667,0.331,0.261,1.138,0.978,1.051,0.998,1.164,1,1.163,1,1.162,1,1.052,1,0.877,0.876,0.968,0.873,0.877,0.868,0.878,0.854,0.885,0.5,0.885,1,1.052,1,0.885,0.5,68.3,64
0.1700,0.0769,1088.4,11.32,6.48,1105.9,1787.8,2598.4,4022.5,0.883,0.667,0.304,0.245,1.139,0.973,1.051,0.997,1.171,1,1.17,1,1.169,1,1.053,1,0.875,0.873,0.971,0.87,0.875,0.865,0.876,0.851,0.883,0.5,0.883,1,1.053,1,0.883,0.5,68.4,64.1
0.1720,0.0786,1105.2,11.35,6.49,1105.9,1788.9,2598.4,4026.8,0.882,0.667,0.294,0.228,1.137,0.968,1.05,0.996,1.174,1,1.174,1,1.172,1,1.054,1,0.873,0.87,0.971,0.868,0.873,0.862,0.874,0.848,0.882,0.5,0.882,1,1.054,1,0.882,0.5,68.4,64.1
0.1750,0.0812,1121.8,11.38,6.5,1105.9,1790,2598.4,4031.2,0.881,0.667,0.284,0.213,1.133,0.962,1.05,0.995,1.178,1,1.177,1,1.176,1,1.055,1,0.871,0.867,0.971,0.865,0.871,0.859,0.872,0.845,0.881,0.5,0.881,1,1.055,1,0.881,0.5,68.5,64.2
0.1780,0.0838,1141.9,11.42,6.51,1105.9,1791.1,2598.4,4035.7,0.88,0.667,0.274,0.198,1.13,0.955,1.049,0.993,1.181,1,1.181,1,1.18,1,1.057,1,0.869,0.864,0.971,0.862,0.869,0.857,0.87,0.842,0.88,0.5,0.88,1,1.056,1,0.88,0.5,68.6,64.2
0.1810,0.0864,1155.3,11.45,6.52,1105.9,1792.2,2598.4,4040.5,0.878,0.667,0.262,0.18,1.124,0.946,1.048,0.99,1.186,1,1.185,1,1.185,1,1.058,1,0.867,0.861,0.971,0.858,0.867,0.853,0.868,0.838,0.878,0.5,0.878,1,1.058,1,0.878,0.5,68.7,64.3
0.1830,0.0882,1171.9,11.46,6.53,1105.9,1793.3,2598.4,4045,0.877,0.667,0.255,0.17,1.12,0.94,1.047,0.988,1.189,1,1.189,1,1.188,1,1.059,1,0.866,0.858,0.971,0.856,0.866,0.851,0.866,0.836,0.877,0.5,0.877,1,1.059,1,0.877,0.5,68.7,64.4
0.1850,0.0900,1188.4,11.49,6.54,1105.9,1794.4,2598.4,4049.6,0.876,0.667,0.245,0.156,1.114,0.931,1.045,0.985,1.193,1,1.193,1,1.192,1,1.06,1,0.864,0.855,0.971,0.853,0.864,0.848,0.865,0.833,0.876,0.5,0.876,1,1.06,1,0.876,0.5,68.8,64.4
0.1880,0.0927,1205.2,11.52,6.55,1105.9,1795.6,2598.4,4054.3,0.875,0.667,0.232,0.144,1.108,0.922,1.043,0.982,1.198,1,1.197,1,1.197,1,1.062,1,0.862,0.853,0.972,0.85,0.863,0.845,0.863,0.83,0.875,0.5,0.875,1,1.062,1,0.875,0.5,68.9,64.5
0.1910,0.0955,1221.8,11.55,6.56,1105.9,1796.7,2598.4,4059,0.874,0.667,0.214,0.131,1.103,0.912,1.041,0.978,1.204,1,1.204,1,1.203,1,1.063,1,0.861,0.85,0.974,0.847,0.861,0.842,0.861,0.826,0.874,0.5,0.874,1,1.063,1,0.874,0.5,69,64.6
0.1930,0.0974,1238.6,11.6,6.57,1105.9,1797.9,2598.4,4063.8,0.872,0.667,0.197,0.12,1.096,0.902,1.038,0.974,1.21,1,1.21,1,1.209,1,1.065,1,0.859,0.847,0.976,0.844,0.859,0.839,0.86,0.823,0.872,0.5,0.872,1,1.065,1,0.872,0.5,69.1,64.7
0.1960,0.1002,1255.4,11.63,6.59,1105.9,1799.1,2598.4,4068.6,0.871,0.667,0.183,0.109,1.088,0.891,1.035,0.969,1.216,1,1.216,1,1.215,1,1.066,1,0.858,0.844,0.977,0.841,0.858,0.836,0.858,0.82,0.871,0.5,0.871,1,1.066,1,0.871,0.5,69.2,64.8
0.1980,0.1021,1271.9,11.67,6.6,1105.9,1800.3,2598.4,4073.5,0.87,0.667,0.169,0.098,1.079,0.879,1.031,0.964,1.222,1,1.221,1,1.22,1,1.068,1,0.856,0.841,0.979,0.838,0.857,0.833,0.857,0.817,0.87,0.5,0.87,1,1.068,1,0.87,0.5,69.3,64.9
0.2010,0.1050,1288.6,11.7,6.27,1105.9,1801.5,2598.4,4078.5,0.869,0.667,0.136,0.088,1.074,0.867,1.027,0.958,1.232,1,1.232,1,1.23,1,1.07,1,0.855,0.838,0.984,0.835,0.855,0.831,0.856,0.814,0.869,0.5,0.869,1,1.07,1,0.869,0.5,69.4,65
0.2040,0.1079,1305.4,11.73,6.27,1105.9,1802.8,2598.4,4083.5,0.868,0.667,0.12,0.079,1.064,0.853,1.023,0.952,1.239,1,1.238,1,1.237,1,1.072,1,0.854,0.835,0.986,0.832,0.854,0.828,0.854,0.811,0.868,0.5,0.868,1,1.072,1,0.868,0.5,69.5,65.1
0.2060,0.1098,1321.9,11.76,6.28,1105.9,1804,2598.4,4088.5,0.867,0.667,0.105,0.07,1.053,0.84,1.018,0.945,1.246,1,1.245,1,1.243,1,1.074,1,0.852,0.832,0.988,0.83,0.853,0.825,0.853,0.809,0.867,0.5,0.867,1,1.074,1,0.867,0.5,69.7,65.2
0.2090,0.1128,1338.6,11.81,6.31,1105.9,1805.3,2598.4,4093.6,0.866,0.667,0.092,0.062,1.041,0.826,1.012,0.938,1.252,1,1.251,1,1.249,1,1.076,1,0.851,0.829,0.99,0.827,0.852,0.822,0.852,0.806,0.866,0.5,0.866,1,1.076,1,0.866,0.5,69.8,65.3
0.2110,0.1148,1355.3,11.84,6.31,1105.9,1806.6,2598.4,4098.8,0.864,0.667,0.08,0.055,1.028,0.811,1.006,0.93,1.258,1,1.257,1,1.254,1,1.078,1,0.85,0.826,0.991,0.824,0.851,0.819,0.851,0.804,0.864,0.5,0.864,1,1.078,1,0.864,0.5,69.9,65.4
0.2140,0.1178,1372.1,11.87,5.97,1105.9,1807.9,2598.3,4104,0.863,0.667,0.056,0.048,1.016,0.795,1,0.921,1.267,1,1.266,1,1.263,1,1.08,1,0.849,0.823,0.995,0.821,0.85,0.816,0.85,0.801,0.863,0.5,0.863,1,1.08,1,0.863,0.5,70.1,65.6
0.2170,0.1208,1388.6,11.92,5.98,1105.9,1809.2,2598.3,4109.3,0.862,0.667,0.049,0.041,1,0.779,0.993,0.912,1.272,1,1.271,1,1.269,1,1.083,1,0.848,0.82,0.996,0.818,0.849,0.813,0.849,0.799,0.862,0.5,0.862,1,1.083,1,0.862,0.5,70.3,65.7
0.2190,0.1229,1405.3,11.95,5.99,1105.9,1810.6,2598.3,4114.6,0.861,0.667,0.042,0.035,0.985,0.763,0.985,0.903,1.278,1,1.276,1,1.274,1,1.085,1,0.848,0.817,0.997,0.815,0.848,0.81,0.848,0.796,0.861,0.5,0.861,1,1.085,1,0.861,0.5,70.4,65.9
0.2220,0.1260,1422.2,11.98,6.01,1105.9,1811.9,2598.3,4119.9,0.86,0.667,0.035,0.03,0.968,0.745,0.977,0.893,1.283,1,1.282,1,1.279,1,1.088,1,0.847,0.814,0.997,0.812,0.847,0.808,0.848,0.794,0.86,0.5,0.86,1,1.088,1,0.86,0.5,70.6,66
0.2240,0.1280,1438.8,12.03,6.02,1105.9,1813.3,2598.3,4125.3,0.859,0.667,0.032,0.025,0.949,0.727,0.971,0.882,1.288,1,1.287,1,1.284,1,1.09,1,0.846,0.811,0.998,0.809,0.846,0.805,0.847,0.791,0.859,0.5,0.859,1,1.09,1,0.859,0.5,70.7,66.1
0.2270,0.1312,1455.4,12.06,6.02,1105.9,1814.7,2598.3,4130.8,0.858,0.667,0.032,0.021,0.929,0.709,0.965,0.87,1.292,1,1.291,1,1.288,1,1.092,1,0.844,0.808,0.998,0.806,0.845,0.802,0.846,0.789,0.858,0.5,0.858,1,1.092,1,0.858,0.5,70.9,66.3
0.2300,0.1344,1472,12.11,6.05,1105.9,1816.1,2598.3,4136.3,0.857,0.667,0.032,0.017,0.909,0.69,0.958,0.858,1.296,1,1.295,1,1.293,1,1.095,1,0.843,0.805,0.997,0.803,0.844,0.799,0.845,0.787,0.857,0.5,0.857,1,1.095,1,0.857,0.5,71,66.4
0.2320,0.1365,1488.7,12.14,6.06,1105.9,1817.5,2598.3,4141.8,0.856,0.667,0.032,0.014,0.889,0.671,0.951,0.846,1.3,1,1.299,1,1.297,1,1.097,1,0.842,0.803,0.997,0.8,0.843,0.796,0.844,0.784,0.856,0.5,0.856,1,1.097,1,0.856,0.5,71.2,66.6
0.2350,0.1397,1505.6,12.19,6.07,1105.9,1818.9,2598.3,4147.4,0.855,0.667,0.032,0.011,0.867,0.652,0.943,0.833,1.305,1,1.304,1,1.302,1,1.1,1,0.841,0.8,0.997,0.797,0.842,0.793,0.843,0.782,0.855,0.5,0.855,1,1.1,1,0.855,0.5,71.4,66.7
0.2370,0.1419,1522.1,12.22,6.09,1105.9,1820.4,2598.3,4153.1,0.854,0.667,0.032,0.008,0.845,0.632,0.935,0.819,1.309,1,1.308,1,1.306,1,1.102,1,0.841,0.797,0.997,0.795,0.841,0.79,0.842,0.779,0.854,0.5,0.854,1,1.103,1,0.854,0.5,71.5,66.9
0.2400,0.1452,1538.9,12.27,6.1,1105.9,1821.8,2598.3,4158.8,0.853,0.667,0.032,0.006,0.823,0.611,0.926,0.805,1.314,1,1.313,1,1.311,1,1.105,1,0.84,0.794,0.997,0.792,0.84,0.787,0.842,0.777,0.853,0.5,0.853,1,1.105,1,0.853,0.5,71.7,67
0.2430,0.1484,1555.4,12.32,6.11,1105.9,1823.3,2598.3,4164.5,0.852,0.667,0.029,0.005,0.8,0.59,0.919,0.79,1.319,1,1.318,1,1.317,1,1.108,1,0.839,0.791,0.998,0.789,0.839,0.784,0.841,0.774,0.852,0.5,0.852,1,1.108,1,0.852,0.5,71.9,66.8
0.2450,0.1507,1572,12.35,6.14,1105.9,1824.8,2598.3,4170.3,0.851,0.667,0.02,0.003,0.778,0.57,0.912,0.776,1.326,1,1.325,1,1.323,1,1.11,1,0.838,0.788,1,0.786,0.838,0.782,0.84,0.772,0.851,0.5,0.851,1,1.111,1,0.851,0.5,72.1,67.3
0.2480,0.1540,1588.8,12.4,6.15,1105.9,1826.3,2598.3,4176.1,0.85,0.667,0.013,0.002,0.755,0.549,0.904,0.76,1.333,1,1.332,1,1.33,1,1.113,1,0.836,0.785,1.002,0.783,0.837,0.779,0.839,0.769,0.85,0.5,0.85,1,1.113,1,0.85,0.5,72.2,67.5
0.2510,0.1574,1605.5,12.45,6.16,1105.9,1827.8,2598.3,4181.9,0.849,0.667,0.007,0.001,0.73,0.527,0.896,0.744,1.34,1,1.339,1,1.336,1,1.115,1,0.835,0.782,1.003,0.78,0.836,0.776,0.838,0.766,0.849,0.5,0.849,1,1.116,1,0.849,0.5,72.4,67.7
0.2530,0.1596,1622.3,12.5,6.19,1105.9,1829.4,2598.3,4187.8,0.848,0.667,0.003,0.001,0.706,0.505,0.887,0.727,1.346,1,1.345,1,1.342,1,1.118,1,0.834,0.779,1.004,0.777,0.836,0.773,0.838,0.763,0.848,0.5,0.848,1,1.119,1,0.848,0.5,72.6,67.8
0.2560,0.1631,1638.9,12.55,6.2,1105.9,1831,2598.3,4193.8,0.847,0.667,0,0,0.686,0.484,0.878,0.71,1.351,1,1.35,1,1.347,1,1.121,1,0.834,0.776,1.004,0.774,0.835,0.77,0.837,0.76,0.847,0.5,0.847,1,1.122,1,0.847,0.5,72.8,68
0.2580,0.1653,1655.5,12.6,6.21,1105.9,1832.5,2598.3,4199.8,0.846,0.667,-0.002,0,0.667,0.463,0.864,0.693,1.355,1,1.354,1,1.352,1,1.125,1,0.834,0.773,1.004,0.771,0.835,0.767,0.837,0.756,0.846,0.5,0.846,1,1.126,1,0.846,0.5,73,68.3
0.2610,0.1688,1672.5,12.65,6.23,1105.9,1834.1,2598.3,4205.8,0.845,0.667,0,0,0.648,0.441,0.845,0.675,1.359,1,1.359,1,1.356,1,1.13,1,0.835,0.77,1.004,0.768,0.836,0.764,0.838,0.753,0.845,0.5,0.845,1,1.131,1,0.845,0.5,73.3,68.6
0.2640,0.1723,1689.2,12.7,6.24,1105.9,1835.7,2598.3,4211.9,0.844,0.667,0,0,0.628,0.42,0.827,0.657,1.363,0.999,1.363,1,1.361,1,1.135,1,0.835,0.767,1.003,0.765,0.836,0.762,0.838,0.75,0.844,0.5,0.844,1,1.135,1,0.844,0.5,73.6,68.8
0.2660,0.1746,1705.6,12.75,6.27,1105.9,1837.4,2598.3,4218,0.843,0.667,0,0,0.608,0.399,0.808,0.638,1.367,0.999,1.368,1,1.365,1,1.139,1,0.836,0.764,1.003,0.762,0.837,0.759,0.839,0.747,0.843,0.5,0.843,1,1.14,1,0.843,0.5,74,69.1
0.2690,0.1782,1724,12.8,6.28,1105.9,1839,2598.3,4224.2,0.842,0.667,0,0,0.588,0.379,0.79,0.62,1.371,0.999,1.372,1,1.37,1,1.144,1,0.837,0.761,1.003,0.759,0.838,0.756,0.84,0.744,0.842,0.5,0.842,1,1.145,1,0.842,0.5,74.3,69.4
0.2720,0.1817,1738.9,12.84,6.29,1105.9,1840.7,2598.3,4230.5,0.841,0.667,0,0,0.565,0.356,0.77,0.599,1.376,0.998,1.377,1,1.375,1,1.15,1,0.837,0.758,1.003,0.756,0.838,0.753,0.84,0.74,0.841,0.5,0.841,1,1.15,1,0.841,0.5,74.6,69.8
0.2740,0.1841,1755.6,12.89,6.28,1105.9,1842.4,2598.3,4236.7,0.84,0.667,0,0,0.544,0.339,0.753,0.582,1.379,0.997,1.382,1,1.38,1,1.154,1,0.838,0.755,1.003,0.754,0.839,0.75,0.841,0.738,0.84,0.5,0.84,1,1.154,1,0.84,0.5,74.9,70
0.2770,0.1877,1772.4,12.9,6.27,1105.9,1844.1,2598.3,4243,0.839,0.667,0,0,0.51,0.32,0.729,0.563,1.386,0.996,1.39,1,1.388,1,1.16,1,0.84,0.752,1.005,0.751,0.841,0.747,0.842,0.735,0.839,0.5,0.839,1,1.16,1,0.839,0.5,75.3,70.4
0.2790,0.1901,1789.1,12.87,6.26,1105.9,1845.8,2598.3,4249.3,0.839,0.667,0,0,0.478,0.301,0.699,0.543,1.392,0.995,1.397,1,1.394,1,1.167,1,0.842,0.749,1.006,0.748,0.843,0.744,0.845,0.732,0.839,0.5,0.839,1,1.167,1,0.839,0.5,75.8,70.8
0.2820,0.1937,1805.7,12.84,6.25,1105.9,1847.5,2598.3,4255.6,0.838,0.667,0,0,0.45,0.283,0.67,0.524,1.397,0.994,1.404,1,1.401,1,1.174,1,0.845,0.747,1.007,0.745,0.845,0.741,0.847,0.729,0.838,0.5,0.838,1,1.174,1,0.838,0.5,76.2,71.3
0.2840,0.1962,1822.6,12.83,6.24,1105.9,1849.2,2598.3,4262,0.837,0.667,0,0,0.423,0.265,0.642,0.504,1.402,0.993,1.41,1,1.407,1,1.181,1,0.847,0.744,1.008,0.742,0.847,0.738,0.849,0.726,0.837,0.5,0.837,1,1.181,1,0.837,0.5,76.7,71.7
0.2870,0.1998,1839,12.49,6.23,1105.9,1851,2598.3,4268.4,0.838,0.667,0,0,0.402,0.248,0.601,0.484,1.405,0.991,1.416,1,1.413,1,1.191,1,0.851,0.741,1.009,0.739,0.852,0.735,0.853,0.723,0.838,0.5,0.838,1,1.19,1,0.838,0.5,77.3,72.3
0.2900,0.2035,1855.8,12.53,6.22,1105.9,1852.7,2598.3,4274.9,0.837,0.667,0,0,0.385,0.232,0.577,0.465,1.408,0.99,1.421,1,1.418,1,1.197,1,0.852,0.738,1.008,0.736,0.853,0.733,0.854,0.721,0.837,0.5,0.837,1,1.196,1,0.837,0.5,77.7,72.7
0.2920,0.2060,1872.6,12.59,5.84,1105.9,1854.5,2598.3,4281.3,0.836,0.667,0,0,0.353,0.216,0.554,0.446,1.413,0.988,1.429,1,1.426,1,1.203,1,0.854,0.735,1.01,0.733,0.854,0.73,0.855,0.718,0.836,0.5,0.836,1,1.202,1,0.836,0.5,78,73
0.2950,0.2097,1889.2,12.63,5.82,1105.9,1856.3,2598.3,4287.9,0.835,0.667,0,0,0.343,0.2,0.531,0.426,1.414,0.986,1.433,1,1.43,1,1.209,1,0.855,0.732,1.009,0.73,0.855,0.727,0.856,0.716,0.835,0.5,0.835,1,1.208,1,0.835,0.5,78.4,73.4
0.2970,0.2122,1905.8,12.68,5.81,1105.9,1858.1,2598.3,4294.4,0.834,0.667,0,0,0.334,0.185,0.508,0.407,1.415,0.984,1.437,1,1.435,1,1.215,1,0.856,0.729,1.008,0.727,0.857,0.724,0.857,0.714,0.834,0.5,0.834,1,1.214,1,0.834,0.5,78.8,73.8
0.3000,0.2160,1922.5,12.72,5.8,1105.9,1860,2598.3,4301,0.833,0.667,0,0,0.324,0.171,0.486,0.388,1.415,0.981,1.441,1,1.439,1,1.22,0.999,0.857,0.726,1.008,0.724,0.858,0.721,0.858,0.711,0.833,0.5,0.833,1,1.219,1,0.833,0.5,79.2,74.1
0.3030,0.2198,1939,12.77,5.79,1105.9,1861.8,2598.3,4307.7,0.832,0.667,0,0,0.314,0.157,0.464,0.369,1.416,0.978,1.445,1,1.444,1,1.225,0.999,0.859,0.723,1.007,0.721,0.859,0.718,0.86,0.709,0.832,0.5,0.832,1,1.225,1,0.832,0.5,79.6,74.5
0.3050,0.2223,1955.9,12.12,5.78,1105.9,1863.7,2598.3,4314.3,0.834,0.667,0,0,0.304,0.144,0.416,0.351,1.416,0.976,1.45,1,1.449,1,1.236,0.998,0.864,0.72,1.006,0.719,0.864,0.715,0.865,0.706,0.834,0.5,0.834,1,1.236,1,0.834,0.5,80.3,75.2
0.3080,0.2262,1972.5,12.17,5.77,1105.9,1865.6,2598.3,4321,0.833,0.667,0,0,0.288,0.131,0.396,0.332,1.417,0.972,1.456,1,1.455,1,1.241,0.997,0.865,0.717,1.007,0.716,0.865,0.713,0.865,0.704,0.833,0.5,0.833,1,1.242,1,0.833,0.5,80.7,75.6
0.3100,0.2287,1989.4,12.21,5.75,1105.9,1867.5,2598.3,4327.8,0.832,0.667,0,0,0.265,0.119,0.376,0.314,1.42,0.969,1.464,1,1.462,1,1.245,0.996,0.865,0.714,1.008,0.713,0.866,0.71,0.866,0.701,0.832,0.5,0.832,1,1.248,1,0.832,0.5,81.1,75.7
0.3130,0.2326,2005.9,12.25,5.74,1105.9,1869.4,2598.3,4334.6,0.833,0.667,0,0,0.245,0.108,0.357,0.297,1.422,0.966,1.471,1,1.469,1,1.249,0.994,0.866,0.711,1.009,0.71,0.866,0.707,0.867,0.699,0.831,0.5,0.831,1,1.253,1,0.831,0.5,81.4,76.1
0.3160,0.2365,2022.6,12.28,5.73,1105.9,1871.3,2598.3,4341.4,0.834,0.667,0,0,0.227,0.098,0.339,0.28,1.423,0.962,1.478,1,1.476,1,1.253,0.993,0.867,0.708,1.01,0.707,0.867,0.704,0.868,0.697,0.83,0.5,0.83,1,1.259,1,0.83,0.5,81.8,76.5
0.3180,0.2391,2039.2,12.32,5.72,1105.9,1873.3,2598.3,4348.2,0.835,0.667,0,0,0.212,0.088,0.32,0.263,1.424,0.958,1.484,1,1.482,1,1.257,0.991,0.868,0.705,1.011,0.704,0.868,0.701,0.869,0.694,0.829,0.5,0.829,1,1.265,1,0.829,0.5,82.2,76.8
0.3210,0.2430,2055.9,12.36,5.68,1105.9,1875.2,2598.3,4355.1,0.835,0.667,0,0,0.194,0.078,0.301,0.247,1.425,0.954,1.492,1,1.49,1,1.26,0.989,0.869,0.702,1.012,0.701,0.869,0.698,0.87,0.692,0.829,0.5,0.829,1,1.271,1,0.829,0.5,82.6,77.2
0.3240,0.2469,2072.5,12.4,5.32,1105.9,1877.2,2598.3,4362,0.836,0.667,0,0,0.149,0.069,0.284,0.231,1.431,0.949,1.505,1,1.502,1,1.263,0.986,0.87,0.699,1.017,0.698,0.87,0.695,0.87,0.689,0.828,0.5,0.828,1,1.277,1,0.828,0.5,83,77.6
0.3260,0.2495,2089.5,12.44,5.3,1105.9,1879.2,2598.3,4368.9,0.837,0.667,0,0,0.129,0.061,0.266,0.215,1.432,0.945,1.513,1,1.51,1,1.265,0.983,0.87,0.696,1.018,0.695,0.871,0.692,0.871,0.686,0.827,0.5,0.827,1,1.283,1,0.827,0.5,83.4,77.9
0.3290,0.2535,2106,12.48,5.29,1105.9,1881.2,2598.3,4375.9,0.838,0.667,0,0,0.111,0.053,0.249,0.201,1.432,0.94,1.521,1,1.518,1,1.267,0.98,0.871,0.693,1.02,0.692,0.872,0.689,0.872,0.683,0.826,0.5,0.826,1,1.289,1,0.826,0.5,83.8,78.3
0.3310,0.2562,2122.7,12.51,5.28,1105.9,1883.3,2598.3,4382.9,0.839,0.667,0,0,0.095,0.046,0.233,0.186,1.432,0.935,1.529,1,1.526,1,1.269,0.977,0.872,0.691,1.021,0.689,0.872,0.687,0.873,0.68,0.825,0.5,0.825,1,1.295,1,0.825,0.5,84.1,78.7
0.3340,0.2601,2139.3,12.55,5.27,1105.9,1885.3,2598.3,4389.9,0.84,0.667,0,0,0.082,0.04,0.217,0.172,1.431,0.929,1.537,1,1.533,1,1.27,0.973,0.873,0.688,1.022,0.686,0.873,0.684,0.874,0.677,0.824,0.5,0.824,1,1.301,1,0.824,0.5,84.6,79.1
0.3370,0.2642,2156,12.58,5.26,1105.9,1887.4,2598.3,4396.9,0.84,0.667,0,0,0.076,0.034,0.201,0.159,1.429,0.924,1.543,1,1.539,1,1.271,0.969,0.874,0.685,1.022,0.683,0.874,0.681,0.875,0.674,0.824,0.5,0.824,1,1.307,1,0.824,0.5,85,79.5
0.3390,0.2668,2172.6,12.62,4.87,1105.9,1889.5,2598.3,4404,0.841,0.667,0,0,0.052,0.029,0.186,0.146,1.43,0.918,1.553,1,1.55,1,1.272,0.964,0.875,0.682,1.025,0.68,0.875,0.678,0.876,0.671,0.823,0.5,0.823,1,1.314,1,0.823,0.5,85.4,79.8
0.3420,0.2709,2189.4,12.67,4.86,1105.9,1891.6,2598.3,4411.1,0.842,0.667,0,0,0.052,0.024,0.172,0.134,1.426,0.912,1.559,1,1.555,1,1.272,0.959,0.876,0.679,1.025,0.678,0.876,0.675,0.876,0.668,0.822,0.5,0.822,1,1.32,1,0.822,0.5,85.8,80.2
0.3440,0.2736,2206,12.7,4.85,1105.9,1893.7,2598.3,4418.2,0.843,0.667,0,0,0.052,0.02,0.158,0.123,1.421,0.906,1.565,1,1.561,1,1.271,0.954,0.877,0.676,1.024,0.675,0.877,0.672,0.877,0.664,0.821,0.5,0.821,1,1.326,1,0.821,0.5,86.2,80.6
0.3470,0.2777,2222.7,12.73,4.84,1105.9,1895.8,2598.3,4425.4,0.844,0.667,0,0,0.052,0.016,0.145,0.112,1.417,0.9,1.571,1,1.567,1,1.27,0.948,0.877,0.673,1.024,0.672,0.878,0.669,0.878,0.661,0.82,0.5,0.82,1,1.332,1,0.82,0.5,86.6,81
0.3500,0.2817,2239.6,12.78,4.83,1105.9,1898,2598.3,4432.6,0.845,0.667,0,0,0.053,0.013,0.132,0.101,1.412,0.893,1.577,1,1.574,1,1.269,0.942,0.878,0.67,1.024,0.669,0.879,0.666,0.879,0.658,0.82,0.5,0.82,1,1.339,1,0.82,0.5,87,81.4
0.3520,0.2845,2256,12.82,4.82,1105.9,1900.1,2598.3,4439.8,0.845,0.667,0,0,0.053,0.01,0.12,0.091,1.407,0.887,1.583,1,1.58,1,1.267,0.936,0.879,0.667,1.024,0.666,0.879,0.663,0.88,0.655,0.819,0.5,0.819,1,1.346,1,0.819,0.5,87.5,81.8
0.3550,0.2886,2272.7,12.87,4.82,1105.9,1902.3,2598.3,4447.1,0.846,0.667,0,0,0.053,0.008,0.108,0.082,1.403,0.88,1.589,1,1.586,1,1.264,0.929,0.88,0.664,1.024,0.663,0.88,0.66,0.881,0.652,0.818,0.5,0.818,1,1.352,1,0.818,0.5,87.9,82.2
0.3570,0.2913,2289.6,12.9,4.81,1105.9,1904.5,2598.3,4454.3,0.847,0.667,0,0,0.043,0.006,0.098,0.073,1.4,0.873,1.598,1,1.595,1,1.261,0.922,0.881,0.661,1.025,0.66,0.881,0.658,0.882,0.649,0.817,0.5,0.817,1,1.359,1,0.817,0.5,88.3,82.6
0.3600,0.2955,2306.3,12.95,4.8,1105.9,1906.7,2598.3,4461.6,0.848,0.667,0,0,0.029,0.004,0.087,0.065,1.397,0.866,1.608,1,1.604,1,1.258,0.914,0.882,0.658,1.027,0.657,0.882,0.655,0.883,0.646,0.816,0.5,0.816,1,1.365,1,0.816,0.5,88.8,83.1
0.3630,0.2996,2322.8,12.98,4.79,1105.9,1909,2598.3,4469,0.849,0.667,0,0,0.019,0.003,0.078,0.057,1.394,0.859,1.617,1,1.613,1,1.253,0.906,0.883,0.655,1.029,0.654,0.883,0.652,0.883,0.643,0.816,0.5,0.816,1,1.372,1,0.816,0.5,89.2,83.5
0.3650,0.3024,2339.6,13.03,4.79,1105.9,1870.6,2598.3,4476.3,0.85,0.667,0,0,0.011,0.002,0.079,0.05,1.39,0.852,1.626,1,1.622,1,1.247,0.898,0.882,0.652,1.03,0.651,0.882,0.649,0.883,0.641,0.815,0.5,0.815,1,1.377,1,0.815,0.5,89.5,83.8
0.3680,0.3066,2356.9,13.07,4.78,1105.9,1842.3,2598.3,4483.7,0.85,0.667,0,0,0.004,0.001,0.079,0.044,1.386,0.844,1.635,1,1.63,1,1.24,0.889,0.882,0.649,1.032,0.648,0.882,0.646,0.883,0.638,0.814,0.5,0.814,1,1.382,1,0.814,0.5,89.8,84.1
0.3710,0.3108,2373.1,13.12,4.78,1105.9,1821.6,2598.3,4491.1,0.851,0.667,0,0,0,0.001,0.079,0.038,1.381,0.837,1.644,1,1.639,1,1.232,0.88,0.881,0.646,1.033,0.645,0.882,0.643,0.883,0.635,0.813,0.5,0.813,1,1.388,1,0.813,0.5,90.2,84.4
0.3730,0.3136,2389.6,13.16,4.78,1105.9,1806.5,2598.3,4498.6,0.852,0.667,0,0,-0.002,0,0.079,0.032,1.375,0.829,1.652,1,1.647,1,1.225,0.871,0.881,0.643,1.034,0.642,0.881,0.64,0.883,0.633,0.812,0.5,0.812,1,1.393,1,0.812,0.5,90.5,84.8
0.3760,0.3178,2406.4,13.2,4.77,1105.9,1795.6,2598.3,4506,0.853,0.667,0,0,0,0,0.08,0.027,1.37,0.822,1.659,1,1.655,1,1.217,0.861,0.881,0.641,1.034,0.64,0.881,0.638,0.883,0.631,0.812,0.5,0.812,1,1.399,1,0.812,0.5,90.9,85.1
0.3780,0.3206,2423.1,13.25,4.77,1105.9,1788,2598.3,4513.4,0.854,0.667,0,0,0,0,0.08,0.023,1.364,0.814,1.667,1,1.662,1,1.208,0.851,0.88,0.638,1.035,0.637,0.881,0.635,0.883,0.628,0.811,0.5,0.811,1,1.405,1,0.811,0.5,91.3,85.5
0.3810,0.3249,2439.7,13.3,4.77,1105.9,1782.7,2598.3,4520.9,0.855,0.667,0,0,0,0,0.075,0.019,1.358,0.807,1.675,1,1.67,1,1.201,0.841,0.881,0.635,1.035,0.634,0.882,0.632,0.884,0.626,0.81,0.5,0.81,1,1.412,1,0.81,0.5,91.7,85.9
0.3840,0.3291,2456.3,13.35,4.77,1105.9,1779.2,2598.3,4528.4,0.856,0.667,0,0,0,0,0.061,0.015,1.352,0.799,1.683,1,1.678,1,1.194,0.83,0.884,0.632,1.036,0.631,0.884,0.629,0.886,0.623,0.809,0.5,0.809,1,1.421,1,0.809,0.5,92.4,86.5
0.3860,0.3320,2472.9,13.41,4.77,1105.9,1777.1,2598.3,4535.9,0.857,0.667,0,0,0,0,0.049,0.012,1.345,0.791,1.691,1,1.686,1,1.187,0.819,0.886,0.629,1.036,0.628,0.887,0.626,0.888,0.621,0.808,0.5,0.808,1,1.43,1,0.808,0.5,92.9,87
0.3890,0.3362,2489.6,13.46,4.77,1105.9,1776,2598.3,4543.4,0.857,0.667,0,0,0,0,0.039,0.009,1.339,0.784,1.7,1,1.694,1,1.179,0.808,0.888,0.626,1.037,0.625,0.889,0.623,0.89,0.619,0.807,0.5,0.807,1,1.438,1,0.807,0.5,93.5,87.6
0.3910,0.3391,2506.3,13.53,4.77,1105.9,1775.7,2598.3,4551,0.858,0.667,0,0,0,0,0.03,0.007,1.333,0.776,1.708,1,1.702,1,1.17,0.797,0.89,0.623,1.038,0.622,0.89,0.62,0.891,0.616,0.807,0.5,0.807,1,1.447,1,0.807,0.5,94.1,88.1
0.3940,0.3434,2523,13.58,4.77,1105.9,1775.9,2598.3,4558.5,0.859,0.667,0,0,0,0,0.022,0.005,1.327,0.769,1.716,1,1.711,1,1.16,0.785,0.892,0.62,1.038,0.619,0.892,0.617,0.893,0.614,0.806,0.5,0.806,1,1.456,1,0.806,0.5,94.6,88.7
0.3960,0.3462,2539.6,13.63,4.76,1105.9,1776.6,2598.3,4566.1,0.86,0.667,0,0,0,0,0.016,0.004,1.32,0.761,1.725,1,1.719,1,1.15,0.772,0.893,0.617,1.039,0.616,0.894,0.614,0.894,0.611,0.805,0.5,0.805,1,1.464,1,0.805,0.5,95.2,89.2
0.3990,0.3506,2556.4,13.64,4.76,1105.9,1777.6,2598.3,4573.7,0.861,0.667,0,0,0,0,0.012,0.002,1.314,0.753,1.733,1,1.728,1,1.14,0.76,0.895,0.614,1.039,0.613,0.895,0.612,0.896,0.609,0.804,0.5,0.804,1,1.472,1,0.804,0.5,95.7,89.7
0.4020,0.3549,2573.2,13.62,4.76,1105.9,1778.9,2598.3,4581.4,0.862,0.667,0,0,0,0,0.008,0.001,1.307,0.746,1.742,1,1.736,1,1.128,0.748,0.896,0.611,1.04,0.61,0.896,0.609,0.897,0.606,0.803,0.5,0.803,1,1.48,1,0.803,0.5,96.3,90.3
0.4040,0.3578,2589.7,13.59,4.76,1105.9,1780.4,2598.3,4589,0.863,0.667,0,0,0,0,0.005,0.001,1.3,0.738,1.75,1,1.745,1,1.117,0.735,0.897,0.608,1.04,0.607,0.898,0.606,0.898,0.603,0.802,0.5,0.802,1,1.489,1,0.802,0.5,96.8,90.8
0.4070,0.3621,2606.4,13.57,4.76,1105.9,1782,2598.3,4596.7,0.864,0.667,0,0,0,0,0.003,0,1.294,0.731,1.759,1,1.753,1,1.105,0.723,0.899,0.605,1.041,0.604,0.899,0.603,0.899,0.6,0.801,0.5,0.801,1,1.497,1,0.801,0.5,97.3,91.3
0.4100,0.3665,2623.3,13.55,4.76,1105.9,1783.7,2598.3,4604.3,0.865,0.667,0,0,0,0,0,0,1.288,0.723,1.766,1,1.761,1,1.092,0.71,0.9,0.602,1.041,0.602,0.9,0.6,0.9,0.597,0.8,0.5,0.8,1,1.505,1,0.8,0.5,97.9,91.8
0.4120,0.3694,2639.7,13.54,4.76,1105.9,1785.5,2598.3,4612.1,0.866,0.667,0,0,0,0,0,0,1.283,0.715,1.773,1,1.768,1,1.079,0.697,0.9,0.599,1.04,0.599,0.901,0.597,0.901,0.594,0.798,0.5,0.798,1,1.513,1,0.798,0.5,98.4,92.3
0.4150,0.3737,2656.4,13.52,4.76,1105.9,1787.4,2598.3,4619.8,0.867,0.667,0,0,0,0,0,0,1.277,0.708,1.78,1,1.775,1,1.066,0.684,0.901,0.596,1.04,0.596,0.902,0.594,0.902,0.591,0.797,0.5,0.797,1,1.52,1,0.797,0.5,98.9,92.8
0.4170,0.3766,2673.2,13.51,4.76,1105.9,1789.3,2598.3,4627.5,0.868,0.667,0,0,0,0,0,0,1.272,0.7,1.788,1,1.783,1,1.053,0.671,0.902,0.593,1.04,0.593,0.903,0.592,0.903,0.588,0.796,0.5,0.796,1,1.529,1,0.796,0.5,99.4,92.7
0.4200,0.3810,2689.7,13.49,4.76,1105.9,1791.3,2598.3,4635.2,0.868,0.667,0,0,0,0,0,0,1.266,0.692,1.796,1,1.791,1,1.039,0.658,0.903,0.59,1.039,0.59,0.903,0.589,0.904,0.585,0.795,0.5,0.795,1,1.537,1,0.795,0.5,100,93.3
0.4230,0.3854,2706.4,13.48,4.75,1105.9,1793.4,2598.3,4643,0.869,0.667,0,0,0,0,0,0,1.26,0.685,1.803,1,1.799,1,1.028,0.645,0.903,0.588,1.039,0.587,0.904,0.586,0.904,0.582,0.794,0.5,0.794,1,1.544,1,0.794,0.5,100.4,94.1
0.4250,0.3883,2723.1,13.46,4.75,1105.9,1795.4,2598.3,4650.7,0.87,0.667,0,0,0,0,0,0,1.253,0.677,1.812,1,1.807,1,1.019,0.632,0.903,0.585,1.039,0.584,0.903,0.583,0.904,0.579,0.793,0.5,0.793,1,1.55,1,0.793,0.5,100.8,94.6
0.4280,0.3927,2739.9,13.45,4.75,1105.9,1797.5,2598.3,4658.5,0.871,0.667,0,0,0,0,0,0,1.246,0.669,1.821,1,1.816,1,1.01,0.619,0.902,0.582,1.04,0.581,0.903,0.58,0.904,0.575,0.792,0.5,0.792,1,1.557,1,0.792,0.5,101.3,95
0.4300,0.3957,2756.4,13.43,4.75,1105.9,1799.6,2598.3,4666.4,0.872,0.667,0,0,0,0,0,0,1.237,0.662,1.834,1,1.828,1,1,0.606,0.902,0.579,1.042,0.578,0.902,0.577,0.903,0.572,0.791,0.5,0.791,1,1.563,1,0.791,0.5,101.7,95.4
0.4330,0.4001,2773.3,13.41,4.75,1105.9,1801.7,2598.3,4674.2,0.872,0.667,0,0,0,0,0,0,1.227,0.654,1.846,1,1.84,1,0.99,0.593,0.901,0.576,1.044,0.575,0.902,0.574,0.903,0.569,0.789,0.5,0.789,1,1.57,1,0.789,0.5,102.1,95.8
0.4360,0.4045,2790.4,13.4,4.75,1105.9,1803.9,2598.3,4682,0.873,0.666,0,0,0,0,0,0,1.218,0.646,1.858,1,1.852,1,0.98,0.58,0.901,0.573,1.046,0.572,0.902,0.571,0.903,0.566,0.788,0.5,0.788,1,1.577,1,0.788,0.5,102.6,96.3
0.4380,0.4075,2806.7,13.38,4.75,1105.9,1806.1,2598.3,4689.9,0.874,0.665,0,0,0,0,0,0,1.209,0.639,1.87,1,1.863,1,0.968,0.566,0.901,0.57,1.048,0.569,0.902,0.568,0.904,0.563,0.787,0.5,0.787,1,1.585,1,0.787,0.5,103.1,96.8
0.4410,0.4119,2823.3,13.37,4.75,1105.9,1808.3,2598.3,4697.8,0.875,0.664,0,0,0,0,0,0,1.201,0.631,1.881,1,1.874,1,0.949,0.554,0.904,0.567,1.049,0.566,0.904,0.565,0.906,0.56,0.786,0.5,0.786,1,1.596,1,0.786,0.5,103.8,97.5
0.4430,0.4149,2840.1,13.35,4.75,1105.9,1810.5,2598.3,4705.6,0.876,0.661,0,0,0,0,0,0,1.192,0.624,1.892,1,1.884,1,0.93,0.541,0.906,0.564,1.051,0.563,0.907,0.563,0.908,0.558,0.785,0.5,0.785,1,1.607,1,0.785,0.5,104.5,98.2
0.4460,0.4193,2856.5,13.34,4.37,1105.9,1812.7,2598.3,4713.5,0.878,0.658,0,0,0,0,0,0,1.18,0.616,1.907,1,1.9,1,0.91,0.528,0.908,0.561,1.054,0.561,0.909,0.56,0.91,0.555,0.784,0.5,0.784,1,1.617,1,0.784,0.5,105.2,98.9
0.4490,0.4238,2874,13.32,4.37,1105.9,1814.9,2598.3,4721.4,0.879,0.655,0,0,0,0,0,0,1.174,0.609,1.915,1,1.908,1,0.892,0.515,0.91,0.558,1.054,0.558,0.911,0.557,0.912,0.553,0.782,0.5,0.782,1,1.628,1,0.782,0.5,105.9,99.5
0.4510,0.4267,2890.1,13.31,4.37,1105.9,1817.2,2598.3,4729.4,0.88,0.65,0,0,0,0,0,0,1.167,0.6,1.924,1,1.917,1,0.873,0.501,0.913,0.555,1.054,0.555,0.913,0.554,0.914,0.55,0.781,0.5,0.781,1,1.639,1,0.781,0.5,106.7,100.3
0.4540,0.4312,2906.6,13.29,4.36,1105.9,1819.4,2598.3,4737.2,0.881,0.645,0,0,0,0,0,0,1.161,0.593,1.933,1,1.926,1,0.856,0.489,0.914,0.552,1.053,0.552,0.915,0.551,0.915,0.548,0.78,0.5,0.78,1,1.649,1,0.78,0.5,107.3,100.9
0.4560,0.4342,2923.2,13.28,4.36,1105.9,1821.7,2598.3,4745.1,0.882,0.64,0,0,0,0,0,0,1.154,0.586,1.942,1,1.935,1,0.838,0.476,0.916,0.549,1.053,0.549,0.916,0.548,0.917,0.546,0.779,0.5,0.779,1,1.659,1,0.779,0.5,108,101.5
0.4590,0.4386,2939.9,13.26,4.36,1105.9,1824,2598.3,4753,0.883,0.634,0,0,0,0,0,0,1.147,0.578,1.951,1,1.944,1,0.82,0.463,0.918,0.546,1.053,0.546,0.918,0.545,0.919,0.543,0.777,0.5,0.777,1,1.67,1,0.777,0.5,108.7,102.2
0.4620,0.4431,2956.6,13.25,4.36,1105.9,1826.3,2598.3,4760.9,0.884,0.628,0,0,0,0,0,0,1.14,0.57,1.961,1,1.954,1,0.805,0.45,0.918,0.543,1.053,0.543,0.919,0.542,0.919,0.541,0.776,0.5,0.776,1,1.679,1,0.776,0.5,109.3,102.8
0.4640,0.4461,2973.6,12.39,4.36,1105.9,1828.6,2598.3,4768.9,0.89,0.621,0,0,0,0,0,0,1.132,0.563,1.971,1,1.964,1,0.773,0.437,0.924,0.54,1.054,0.54,0.924,0.54,0.925,0.538,0.777,0.5,0.777,1,1.696,1,0.777,0.5,110.4,103.9
0.4670,0.4506,2990.2,12.37,4.36,1105.9,1830.9,2598.3,4776.8,0.891,0.614,0,0,0,0,0,0,1.122,0.555,1.984,1,1.977,1,0.761,0.424,0.923,0.537,1.056,0.537,0.924,0.537,0.925,0.536,0.776,0.5,0.776,1,1.704,1,0.776,0.5,110.9,104.4
0.4690,0.4536,3006.6,12.36,4.36,1105.9,1833.3,2598.3,4784.8,0.892,0.606,0,0,0,0,0,0,1.112,0.547,1.996,1,1.989,1,0.749,0.411,0.923,0.535,1.057,0.534,0.923,0.534,0.924,0.533,0.775,0.5,0.775,1,1.712,1,0.775,0.5,111.4,104.9
0.4720,0.4580,3023.5,12.34,4.36,1105.9,1835.6,2598.3,4792.7,0.892,0.599,0,0,0,0,0,0,1.103,0.54,2.008,1,2.001,1,0.737,0.399,0.923,0.532,1.058,0.531,0.923,0.531,0.924,0.531,0.773,0.5,0.773,1,1.72,1,0.773,0.5,112,105.4
0.4750,0.4625,3040,12.33,4.36,1105.9,1838,2598.3,4800.7,0.893,0.59,0,0,0,0,0,0,1.094,0.532,2.02,1,2.012,1,0.725,0.386,0.922,0.529,1.059,0.528,0.923,0.528,0.925,0.529,0.772,0.5,0.772,1,1.729,1,0.772,0.5,112.5,105.9
0.4770,0.4655,3056.6,12.31,4.36,1105.9,1840.4,2598.3,4808.6,0.894,0.582,0,0,0,0,0,0,1.086,0.524,2.031,1,2.023,1,0.71,0.373,0.923,0.526,1.06,0.526,0.924,0.525,0.925,0.526,0.771,0.5,0.771,1,1.738,1,0.771,0.5,113.1,106.4
0.4800,0.4700,3073.6,12.3,4.35,1105.9,1842.8,2598.3,4816.6,0.896,0.573,0,0,0,0,0,0,1.077,0.517,2.043,1,2.035,1,0.687,0.36,0.925,0.523,1.06,0.523,0.926,0.522,0.927,0.523,0.77,0.5,0.77,1,1.751,1,0.77,0.5,113.9,107.3
0.4820,0.4730,3094.9,12.28,3.98,1105.9,1845.2,2598.3,4824.6,0.897,0.564,0,0,0,0,0,0,1.062,0.509,2.062,1,2.053,1,0.665,0.348,0.928,0.52,1.065,0.52,0.929,0.519,0.93,0.521,0.768,0.5,0.768,1,1.764,1,0.768,0.5,114.8,108.1
0.4860,0.4790,3106.9,12.26,3.97,1105.9,1847.8,2598.3,4833.1,0.899,0.552,0,0,0,0,0,0,1.052,0.499,2.076,1,2.068,1,0.637,0.331,0.931,0.516,1.065,0.516,0.932,0.516,0.933,0.517,0.767,0.5,0.767,1,1.78,1,0.767,0.5,115.9,109
0.4880,0.4820,3123.7,12.25,3.97,1105.9,1850.2,2598.3,4841,0.9,0.546,0,0,0,0,0,0,1.043,0.493,2.087,1,2.079,1,0.621,0.322,0.933,0.514,1.068,0.514,0.933,0.514,0.934,0.515,0.766,0.5,0.766,1,1.789,1,0.766,0.5,116.5,109.6
0.4900,0.4850,3140.1,12.23,3.97,1105.9,1852.6,2598.3,4848.9,0.901,0.536,0,0,0,0,0,0,1.03,0.486,2.104,1,2.094,1,0.601,0.309,0.935,0.511,1.07,0.511,0.935,0.511,0.936,0.512,0.764,0.5,0.764,1,1.801,1,0.764,0.5,117.3,110.5
0.4930,0.4895,3156.9,12.21,3.97,1105.9,1855,2598.3,4856.8,0.902,0.527,0,0,0,0,0,0,1.018,0.478,2.119,1,2.109,1,0.584,0.297,0.935,0.508,1.073,0.508,0.936,0.508,0.937,0.509,0.763,0.5,0.763,1,1.811,1,0.763,0.5,117.9,111.2
0.4960,0.4940,3173.7,12.18,3.97,1105.9,1857.5,2598.3,4864.8,0.903,0.517,0,0,0,0,0,0,1.007,0.47,2.135,1,2.124,1,0.569,0.284,0.936,0.505,1.075,0.505,0.936,0.505,0.937,0.505,0.762,0.5,0.762,1,1.822,1,0.762,0.5,118.6,111.8
0.4980,0.4970,3190.2,12.16,3.97,1105.9,1860,2598.3,4872.7,0.904,0.507,0,0,0,0,0,0,0.995,0.463,2.15,1,2.139,1,0.553,0.271,0.936,0.502,1.077,0.502,0.936,0.502,0.938,0.502,0.76,0.5,0.76,1,1.832,1,0.76,0.5,119.3,112.4
0.5010,0.5015,3206.8,12.13,3.97,1105.9,1862.5,2598.3,4880.7,0.905,0.497,0,0,0,0,0,0,0.984,0.455,2.164,1,2.153,1,0.538,0.259,0.936,0.499,1.079,0.499,0.937,0.499,0.938,0.499,0.759,0.5,0.759,1,1.842,1,0.759,0.5,119.9,113.1
0.5030,0.5045,3223.5,11.27,3.59,1105.9,1865,2598.3,4888.7,0.911,0.488,0,0,0,0,0,0,0.967,0.448,2.187,1,2.175,1,0.5,0.247,0.942,0.496,1.084,0.496,0.943,0.496,0.944,0.496,0.76,0.5,0.76,1,1.862,1,0.76,0.5,121.3,114.4
0.5060,0.5090,3240.3,11.24,3.59,1105.9,1867.5,2598.3,4896.6,0.912,0.478,0,0,0,0,0,0,0.957,0.44,2.2,1,2.188,1,0.486,0.235,0.942,0.493,1.086,0.493,0.943,0.493,0.944,0.493,0.759,0.5,0.759,1,1.872,1,0.759,0.5,121.9,115
0.5090,0.5135,3256.9,11.21,3.59,1105.9,1870,2598.3,4904.6,0.913,0.468,0,0,0,0,0,0,0.946,0.432,2.214,1,2.202,1,0.466,0.223,0.943,0.49,1.087,0.49,0.944,0.49,0.945,0.49,0.757,0.5,0.757,1,1.884,1,0.757,0.5,122.7,115.7
0.5110,0.5165,3273.7,11.17,3.59,1105.9,1872.6,2598.3,4912.6,0.914,0.459,0,0,0,0,0,0,0.935,0.425,2.229,1,2.216,1,0.442,0.211,0.946,0.487,1.088,0.488,0.946,0.488,0.948,0.487,0.756,0.5,0.756,1,1.898,1,0.756,0.5,123.6,116.7
0.5140,0.5210,3290.4,11.14,3.59,1105.9,1875.2,2598.3,4920.6,0.916,0.449,0,0,0,0,0,0,0.924,0.417,2.243,1,2.23,1,0.418,0.2,0.948,0.484,1.089,0.485,0.949,0.485,0.95,0.484,0.755,0.5,0.755,1,1.912,1,0.755,0.5,124.5,117.6
0.5160,0.5240,3306.9,11.11,3.58,1105.9,1877.8,2598.3,4928.6,0.917,0.44,0,0,0,0,0,0,0.913,0.409,2.258,1,2.244,1,0.395,0.188,0.95,0.481,1.09,0.482,0.951,0.482,0.952,0.481,0.753,0.5,0.753,1,1.926,1,0.753,0.5,125.5,118.4
0.5190,0.5285,3323.6,11.07,3.58,1105.9,1880.4,2598.3,4936.6,0.918,0.431,0,0,0,0,0,0,0.902,0.402,2.272,1,2.259,1,0.374,0.177,0.952,0.479,1.092,0.479,0.953,0.479,0.953,0.478,0.752,0.5,0.752,1,1.939,1,0.752,0.5,126.3,119.3
0.5220,0.5330,3340.3,11.04,3.58,1105.9,1883,2598.3,4944.6,0.918,0.422,0,0,0,0,0,0,0.891,0.394,2.287,1,2.273,1,0.353,0.167,0.954,0.476,1.093,0.476,0.954,0.476,0.955,0.475,0.75,0.5,0.75,1,1.952,1,0.75,0.5,127.2,120.1
0.5240,0.5360,3357,11,3.58,1105.9,1885.6,2598.3,4952.6,0.919,0.413,0,0,0,0,0,0,0.879,0.386,2.302,1,2.288,1,0.333,0.156,0.955,0.473,1.094,0.473,0.955,0.473,0.956,0.473,0.749,0.5,0.749,1,1.965,1,0.749,0.5,128,120.9
0.5270,0.5405,3373.7,10.97,3.58,1105.9,1888.2,2598.3,4960.5,0.92,0.405,0,0,0,0,0,0,0.868,0.379,2.317,1,2.303,1,0.313,0.146,0.956,0.47,1.096,0.47,0.956,0.47,0.957,0.47,0.747,0.5,0.747,1,1.978,1,0.747,0.5,128.9,121.7
0.5290,0.5435,3390.5,10.93,3.58,1105.9,1890.9,2598.3,4968.5,0.92,0.397,0,0,0,0,0,0,0.856,0.371,2.333,1,2.318,1,0.294,0.136,0.957,0.467,1.097,0.467,0.957,0.468,0.958,0.468,0.746,0.5,0.746,1,1.99,1,0.746,0.5,129.7,122.5
0.5320,0.5479,3407.2,10.89,3.58,1105.9,1893.5,2598.3,4976.5,0.921,0.389,0,0,0,0,0,0,0.844,0.363,2.349,1,2.334,1,0.275,0.127,0.958,0.464,1.098,0.464,0.958,0.465,0.959,0.465,0.745,0.5,0.745,1,2.002,1,0.745,0.5,130.5,123.3
0.5350,0.5524,3423.7,10.01,3.58,1105.9,1896.2,2598.3,4984.5,0.926,0.382,0,0,0,0,0,0,0.832,0.356,2.365,1,2.349,1,0.233,0.118,0.964,0.461,1.1,0.461,0.964,0.462,0.965,0.463,0.745,0.5,0.745,1,2.025,1,0.745,0.5,132,124.8
0.5370,0.5554,3440.3,9.97,3.58,1105.9,1898.9,2598.3,4992.5,0.926,0.375,0,0,0,0,0,0,0.82,0.348,2.381,1,2.365,1,0.217,0.109,0.964,0.458,1.101,0.458,0.964,0.459,0.965,0.46,0.744,0.5,0.744,1,2.036,1,0.744,0.5,132.7,125.5
0.5400,0.5599,3457.2,9.93,3.58,1105.9,1901.6,2598.3,5000.5,0.926,0.368,0,0,0,0,0,0,0.808,0.341,2.397,1,2.381,1,0.201,0.1,0.964,0.455,1.102,0.455,0.964,0.456,0.965,0.458,0.743,0.5,0.743,1,2.047,1,0.743,0.5,133.4,126.2
0.5420,0.5629,3473.7,9.89,3.58,1105.9,1904.3,2598.3,5008.4,0.926,0.362,0,0,0,0,0,0,0.795,0.333,2.414,1,2.397,1,0.186,0.092,0.964,0.452,1.104,0.452,0.964,0.453,0.964,0.455,0.741,0.5,0.741,1,2.058,1,0.741,0.5,134.1,126.7
0.5450,0.5673,3490.6,9.85,3.57,1105.9,1907,2598.3,5016.4,0.926,0.357,0,0,0,0,0,0,0.782,0.325,2.43,1,2.414,1,0.172,0.085,0.963,0.449,1.105,0.45,0.963,0.45,0.964,0.453,0.74,0.5,0.74,1,2.068,1,0.74,0.5,134.8,127.3
0.5480,0.5718,3507.2,9.81,3.57,1105.9,1909.8,2598.3,5024.4,0.925,0.352,0,0,0,0,0,0,0.769,0.318,2.448,1,2.431,1,0.157,0.077,0.962,0.446,1.107,0.447,0.963,0.447,0.963,0.451,0.738,0.5,0.738,1,2.079,1,0.738,0.5,135.5,128
0.5500,0.5748,3523.8,9.77,3.57,1105.9,1912.6,2598.3,5032.3,0.924,0.347,0,0,0,0,0,0,0.756,0.31,2.465,1,2.448,1,0.144,0.07,0.962,0.443,1.108,0.444,0.962,0.444,0.962,0.448,0.736,0.5,0.736,1,2.089,1,0.736,0.5,136.1,128.7
0.5530,0.5792,3540.7,9.73,3.57,1105.9,1915.3,2598.3,5040.3,0.924,0.343,0,0,0,0,0,0,0.743,0.302,2.482,1,2.465,1,0.131,0.064,0.96,0.44,1.109,0.441,0.961,0.442,0.961,0.446,0.735,0.5,0.735,1,2.098,1,0.735,0.5,136.8,129.3
0.5550,0.5822,3557.1,9.69,3.57,1105.9,1918.1,2598.3,5048.2,0.923,0.34,0,0,0,0,0,0,0.729,0.295,2.501,1,2.482,1,0.119,0.057,0.959,0.437,1.111,0.438,0.96,0.439,0.96,0.443,0.733,0.5,0.733,1,2.108,1,0.733,0.5,137.4,129.7
0.5580,0.5866,3573.8,9.65,3.57,1105.9,1920.9,2598.3,5056.1,0.921,0.337,0,0,0,0,0,0,0.716,0.287,2.518,1,2.5,1,0.108,0.052,0.958,0.434,1.113,0.435,0.958,0.436,0.959,0.441,0.732,0.5,0.732,1,2.117,1,0.732,0.5,138,130.3
0.5610,0.5910,3590.7,9.62,3.57,1105.9,1923.7,2598.3,5064,0.92,0.335,0,0,0,0,0,0,0.702,0.28,2.537,1,2.518,1,0.097,0.046,0.956,0.432,1.114,0.432,0.957,0.433,0.957,0.438,0.73,0.5,0.73,1,2.126,1,0.73,0.5,138.6,130.8
0.5630,0.5940,3607.3,9.58,3.57,1105.9,1926.5,2598.3,5072,0.919,0.334,0,0,0,0,0,0,0.688,0.272,2.555,1,2.536,1,0.086,0.041,0.955,0.428,1.116,0.429,0.955,0.43,0.956,0.435,0.728,0.5,0.728,1,2.135,1,0.728,0.5,139.2,131.4
0.5660,0.5984,3623.9,9.54,3.57,1105.9,1929.3,2598.3,5079.9,0.917,0.333,0,0,0,0,0,0,0.674,0.264,2.574,1,2.554,1,0.077,0.036,0.953,0.426,1.117,0.426,0.953,0.427,0.954,0.432,0.727,0.5,0.727,1,2.143,1,0.727,0.5,139.7,131.9
0.5680,0.6014,3640.7,9.5,3.57,1105.9,1932.2,2598.3,5087.7,0.915,0.333,0,0,0,0,0,0,0.659,0.257,2.593,1,2.573,1,0.07,0.031,0.95,0.423,1.119,0.423,0.95,0.424,0.951,0.429,0.725,0.5,0.725,1,2.15,1,0.725,0.5,140.1,132.4
0.5710,0.6058,3657.5,9.46,3.56,1105.9,1935,2598.3,5095.6,0.913,0.333,0,0,0,0,0,0,0.644,0.249,2.613,1,2.592,1,0.07,0.027,0.946,0.42,1.12,0.42,0.946,0.421,0.947,0.426,0.723,0.5,0.723,1,2.154,1,0.723,0.5,140.4,132.6
0.5740,0.6102,3674.1,9.42,3.56,1105.9,1937.9,2598.3,5103.5,0.91,0.333,0,0,0,0,0,0,0.629,0.242,2.633,1,2.612,1,0.071,0.023,0.941,0.417,1.122,0.417,0.942,0.418,0.943,0.423,0.722,0.5,0.722,1,2.158,1,0.722,0.5,140.6,132.8
0.5760,0.6131,3690.6,9.39,3.56,1105.9,1940.8,2598.3,5111.4,0.907,0.333,0,0,0,0,0,0,0.614,0.234,2.652,1,2.631,1,0.071,0.02,0.937,0.414,1.124,0.414,0.937,0.416,0.939,0.42,0.72,0.5,0.72,1,2.162,1,0.72,0.5,140.9,133
0.5790,0.6175,3707.4,9.35,3.56,1105.9,1943.6,2598.3,5119.2,0.905,0.333,0,0,0,0,0,0,0.599,0.227,2.672,1,2.651,1,0.071,0.017,0.932,0.411,1.126,0.412,0.933,0.413,0.935,0.417,0.718,0.5,0.718,1,2.165,1,0.718,0.5,141.1,133.2
0.5820,0.6219,3724.2,9.32,3.56,1105.9,1946.5,2598.3,5127.1,0.902,0.333,0,0,0,0,0,0,0.583,0.219,2.693,1,2.671,1,0.071,0.014,0.928,0.408,1.127,0.409,0.929,0.41,0.931,0.413,0.716,0.5,0.716,1,2.169,1,0.716,0.5,141.3,133.4
0.5840,0.6248,3740.7,9.28,3.56,1105.9,1949.4,2598.3,5134.9,0.899,0.333,0,0,0,0,0,0,0.568,0.211,2.714,1,2.691,1,0.06,0.012,0.926,0.405,1.129,0.406,0.927,0.407,0.929,0.41,0.715,0.5,0.715,1,2.178,1,0.715,0.5,141.9,134
0.5870,0.6292,3757.4,9.25,3.56,1105.9,1952.4,2598.3,5142.7,0.897,0.333,0,0,0,0,0,0,0.552,0.204,2.735,1,2.712,1,0.049,0.009,0.924,0.402,1.131,0.403,0.925,0.404,0.927,0.407,0.713,0.5,0.713,1,2.187,1,0.713,0.5,142.5,134.6
0.5890,0.6321,3774,9.22,3.56,1105.9,1955.3,2598.3,5150.5,0.894,0.333,0,0,0,0,0,0,0.535,0.196,2.757,1,2.733,1,0.039,0.007,0.922,0.399,1.133,0.4,0.923,0.401,0.925,0.404,0.711,0.5,0.711,1,2.196,1,0.711,0.5,143.1,134.5
0.5920,0.6364,3790.7,9.19,3.56,1105.9,1958.2,2598.3,5158.2,0.891,0.333,0,0,0,0,0,0,0.519,0.189,2.779,1,2.755,1,0.031,0.006,0.92,0.396,1.135,0.397,0.921,0.398,0.922,0.401,0.709,0.5,0.709,1,2.203,1,0.709,0.5,143.6,135.1
0.5950,0.6408,3807.5,9.16,3.55,1105.9,1907.2,2598.3,5166,0.888,0.333,0,0,0,0,0,0,0.502,0.181,2.801,1,2.777,1,0.024,0.004,0.917,0.393,1.137,0.394,0.918,0.395,0.919,0.398,0.707,0.5,0.707,1,2.211,1,0.707,0.5,144.1,135.8
0.5970,0.6437,3827.2,9.13,3.55,1105.9,1869.4,2598.3,5173.8,0.885,0.333,0,0,0,0,0,0,0.485,0.173,2.824,1,2.799,1,0.018,0.003,0.914,0.39,1.139,0.391,0.915,0.393,0.916,0.395,0.705,0.5,0.705,1,2.217,1,0.705,0.5,144.5,136.2
0.6000,0.6480,3841.1,9.1,3.55,1105.9,1841.8,2598.3,5181.9,0.88,0.333,0,0,0,0,0,0,0.464,0.165,2.851,1,2.826,1,0.012,0.002,0.91,0.387,1.141,0.388,0.911,0.389,0.912,0.392,0.703,0.5,0.703,1,2.225,1,0.703,0.5,145,136.7
0.6020,0.6509,3857.5,9.08,3.54,1105.9,1821.6,2598.3,5189.6,0.877,0.333,0,0,0,0,0,0,0.45,0.158,2.87,0.999,2.845,1,0.009,0.001,0.907,0.384,1.143,0.385,0.908,0.387,0.909,0.39,0.701,0.5,0.701,1,2.229,1,0.701,0.5,145.3,137
0.6050,0.6552,3874.1,9.06,3.54,1105.9,1806.9,2598.3,5197.2,0.874,0.333,0,0,0,0,0,0,0.433,0.151,2.892,0.999,2.868,1,0.006,0.001,0.904,0.381,1.145,0.382,0.904,0.384,0.905,0.387,0.699,0.5,0.699,1,2.234,1,0.699,0.5,145.6,137.4
0.6080,0.6595,3890.8,9.04,3.53,1105.9,1796.5,2598.3,5204.8,0.87,0.333,0,0,0,0,0,0,0.416,0.144,2.915,0.998,2.892,1,0.004,0,0.9,0.378,1.147,0.379,0.9,0.381,0.901,0.385,0.697,0.5,0.697,1,2.239,1,0.697,0.5,146,137.7
0.6100,0.6623,3907.4,9.02,3.52,1105.9,1789.3,2598.3,5212.4,0.866,0.333,0,0,0,0,0,0,0.398,0.137,2.937,0.997,2.916,1,0.003,0,0.895,0.376,1.149,0.376,0.896,0.378,0.897,0.382,0.695,0.5,0.695,1,2.244,1,0.695,0.5,146.2,138
0.6130,0.6666,3924.3,9,3.52,1105.9,1784.4,2598.3,5220,0.862,0.333,0,0,0,0,0,0,0.381,0.13,2.959,0.996,2.941,1,0,0,0.891,0.373,1.152,0.374,0.892,0.375,0.893,0.38,0.693,0.5,0.693,1,2.248,1,0.693,0.5,146.5,138.2
0.6150,0.6695,3940.9,8.98,3.51,1105.9,1781.4,2598.3,5227.7,0.858,0.333,0,0,0,0,0,0,0.363,0.123,2.981,0.995,2.967,1,0,0,0.886,0.37,1.154,0.371,0.887,0.372,0.888,0.378,0.691,0.5,0.691,1,2.252,1,0.691,0.5,146.7,138.4
0.6180,0.6737,3957.5,8.97,3.5,1105.9,1779.7,2598.3,5235.3,0.854,0.333,0,0,0,0,0,0,0.346,0.116,3.003,0.993,2.993,1,0,0,0.882,0.367,1.157,0.368,0.882,0.369,0.884,0.375,0.689,0.5,0.689,1,2.255,1,0.689,0.5,147,138.7
0.6210,0.6780,3974.3,8.95,3.49,1105.9,1778.9,2598.3,5242.9,0.85,0.333,0,0,0,0,0,0,0.329,0.109,3.024,0.991,3.019,1,0,0,0.877,0.364,1.159,0.365,0.878,0.367,0.879,0.373,0.687,0.5,0.687,1,2.259,1,0.687,0.5,147.2,138.9
0.6230,0.6808,3991,8.94,3.48,1105.9,1779,2598.3,5250.5,0.846,0.333,0,0,0,0,0,0,0.312,0.103,3.044,0.989,3.046,1,0,0,0.872,0.361,1.162,0.362,0.873,0.364,0.875,0.37,0.685,0.5,0.685,1,2.263,1,0.685,0.5,147.5,139.1
0.6260,0.6850,4007.6,8.92,3.47,1105.9,1779.6,2598.3,5258,0.842,0.333,0,0,0,0,0,0,0.295,0.096,3.064,0.986,3.073,1,0,0,0.868,0.358,1.164,0.359,0.868,0.361,0.87,0.368,0.683,0.5,0.683,1,2.267,1,0.683,0.5,147.7,139.3
0.6280,0.6878,4024.3,8.9,3.46,1105.9,1780.7,2598.3,5265.6,0.838,0.333,0,0,0,0,0,0,0.279,0.09,3.083,0.984,3.1,1,0,0,0.863,0.355,1.167,0.356,0.864,0.358,0.865,0.365,0.68,0.5,0.68,1,2.27,1,0.68,0.5,147.9,139.5
0.6310,0.6920,4040.9,8.89,3.45,1105.9,1782,2598.3,5273.1,0.833,0.333,0,0,0,0,0,0,0.263,0.084,3.101,0.98,3.129,1,0,0,0.858,0.352,1.169,0.353,0.859,0.355,0.861,0.363,0.678,0.5,0.678,1,2.274,1,0.678,0.5,148.2,139.7
0.6340,0.6962,4057.7,8.87,3.44,1105.9,1783.6,2598.3,5280.6,0.829,0.333,0,0,0,0,0,0,0.247,0.078,3.119,0.977,3.157,1,0,0,0.854,0.349,1.172,0.35,0.855,0.352,0.856,0.361,0.676,0.5,0.676,1,2.278,1,0.676,0.5,148.4,139.9
0.6360,0.6990,4074.2,8.86,3.43,1105.9,1785.4,2598.3,5288.1,0.825,0.333,0,0,0,0,0,0,0.231,0.073,3.135,0.973,3.187,1,0,0,0.849,0.346,1.175,0.347,0.85,0.349,0.852,0.358,0.674,0.5,0.674,1,2.282,1,0.674,0.5,148.7,140.2
0.6390,0.7031,4091,8.84,3.42,1105.9,1787.4,2598.3,5295.5,0.821,0.333,0,0,0,0,0,0,0.216,0.067,3.151,0.968,3.216,1,0,0,0.844,0.343,1.178,0.344,0.845,0.347,0.847,0.355,0.671,0.5,0.671,1,2.286,1,0.671,0.5,148.9,140.4
0.6410,0.7059,4107.6,8.83,3.41,1105.9,1789.4,2598.3,5303,0.817,0.333,0,0,0,0,0,0,0.201,0.062,3.166,0.963,3.247,1,0,0,0.839,0.34,1.181,0.341,0.84,0.344,0.842,0.352,0.669,0.5,0.669,1,2.29,1,0.669,0.5,149.2,140.6
0.6440,0.7100,4124.4,8.81,3.4,1105.9,1791.5,2598.3,5310.4,0.812,0.333,0,0,0,0,0,0,0.187,0.057,3.179,0.958,3.278,1,0,0,0.835,0.337,1.184,0.338,0.836,0.341,0.838,0.349,0.667,0.5,0.667,1,2.293,1,0.667,0.5,149.4,140.2
0.6470,0.7141,4141,8.8,3.38,1105.9,1793.7,2598.3,5317.8,0.808,0.333,0,0,0,0,0,0,0.173,0.052,3.191,0.952,3.309,1,0,0,0.83,0.334,1.187,0.335,0.831,0.338,0.833,0.346,0.664,0.5,0.664,1,2.297,1,0.664,0.5,149.7,140.8
0.6490,0.7169,4157.9,8.78,3.37,1105.9,1795.9,2598.3,5325.1,0.804,0.333,0,0,0,0,0,0,0.159,0.048,3.202,0.946,3.341,1,0,0,0.825,0.331,1.19,0.333,0.826,0.335,0.828,0.343,0.662,0.5,0.662,1,2.301,1,0.662,0.5,149.9,141.3
0.6520,0.7210,4174.7,8.77,3.36,1105.9,1798.2,2598.3,5332.5,0.799,0.333,0,0,0,0,0,0,0.146,0.044,3.212,0.939,3.375,1,0,0,0.82,0.328,1.193,0.33,0.821,0.332,0.823,0.34,0.659,0.5,0.659,1,2.305,1,0.659,0.5,150.2,141.5
0.6550,0.7251,4191.4,8.75,3.35,1105.9,1800.5,2598.3,5339.9,0.795,0.333,0,0,0,0,0,0,0.133,0.039,3.221,0.932,3.409,1,0,0,0.816,0.325,1.196,0.327,0.817,0.329,0.819,0.337,0.657,0.5,0.657,1,2.309,1,0.657,0.5,150.4,141.7
0.6570,0.7278,4207.8,8.74,3.34,1105.9,1802.9,2598.3,5347.2,0.791,0.333,0,0,0,0,0,0,0.121,0.036,3.228,0.925,3.443,1,0,0,0.811,0.322,1.199,0.324,0.812,0.326,0.814,0.334,0.654,0.5,0.654,1,2.313,1,0.654,0.5,150.7,141.9
0.6600,0.7318,4224.4,8.72,3.32,1105.9,1805.2,2598.3,5354.5,0.787,0.333,0,0,0,0,0,0,0.11,0.032,3.233,0.917,3.477,1,0,0,0.806,0.32,1.202,0.321,0.807,0.323,0.809,0.331,0.652,0.5,0.652,1,2.317,1,0.652,0.5,150.9,142.2
0.6620,0.7345,4241.1,8.71,3.31,1105.9,1807.6,2598.3,5361.7,0.782,0.333,0,0,0,0,0,0,0.099,0.029,3.238,0.909,3.513,1,0,0,0.801,0.317,1.206,0.318,0.802,0.321,0.804,0.328,0.649,0.5,0.649,1,2.321,1,0.649,0.5,151.2,142.4
0.6650,0.7385,4257.9,8.69,3.3,1105.9,1809.9,2598.3,5368.9,0.778,0.333,0,0,0,0,0,0,0.089,0.025,3.24,0.9,3.549,1,0,0,0.796,0.314,1.209,0.315,0.797,0.318,0.8,0.324,0.647,0.5,0.647,1,2.325,1,0.647,0.5,151.5,142.6
0.6680,0.7425,4274.4,8.67,3.29,1105.9,1812.3,2598.3,5376.1,0.774,0.333,0,0,0,0,0,0,0.079,0.022,3.241,0.89,3.586,1,0,0,0.791,0.311,1.213,0.312,0.792,0.315,0.795,0.321,0.644,0.5,0.644,1,2.329,1,0.644,0.5,151.7,142.9
0.6700,0.7452,4291.2,8.66,3.28,1105.9,1814.7,2598.3,5383.3,0.769,0.333,0,0,0,0,0,0,0.07,0.02,3.241,0.881,3.624,1,0,0,0.786,0.308,1.216,0.309,0.788,0.312,0.79,0.318,0.642,0.5,0.642,1,2.333,1,0.642,0.5,152,143.1
0.6730,0.7491,4308,8.64,3.27,1105.9,1817.1,2598.3,5390.4,0.765,0.333,0,0,0,0,0,0,0.061,0.017,3.239,0.87,3.663,1,0,0,0.782,0.305,1.22,0.306,0.783,0.309,0.785,0.315,0.639,0.5,0.639,1,2.337,1,0.639,0.5,152.2,143.3
0.6750,0.7518,4324.5,8.63,3.25,1105.9,1819.5,2598.3,5397.5,0.76,0.333,0,0,0,0,0,0,0.053,0.015,3.235,0.86,3.703,1,0,0,0.777,0.302,1.224,0.303,0.778,0.306,0.78,0.312,0.636,0.5,0.636,1,2.341,1,0.636,0.5,152.5,143.5
0.6780,0.7557,4341.1,8.61,3.24,1105.9,1821.9,2598.3,5404.6,0.756,0.333,0,0,0,0,0,0,0.046,0.013,3.23,0.849,3.743,1,0,0,0.772,0.299,1.228,0.3,0.773,0.303,0.775,0.31,0.634,0.5,0.634,1,2.345,1,0.634,0.5,152.8,143.8
0.6810,0.7596,4357.8,8.6,3.23,1105.9,1824.3,2598.3,5411.7,0.752,0.333,0,0,0,0,0,0,0.039,0.011,3.223,0.837,3.784,1,0,0,0.767,0.296,1.232,0.298,0.768,0.3,0.77,0.307,0.631,0.5,0.631,1,2.349,1,0.631,0.5,153,144
0.6830,0.7622,4374.5,8.58,3.22,1105.9,1826.7,2598.3,5418.7,0.747,0.333,0,0,0,0,0,0,0.032,0.009,3.214,0.826,3.826,1,0,0,0.762,0.293,1.236,0.295,0.763,0.298,0.766,0.305,0.628,0.5,0.628,1,2.353,1,0.628,0.5,153.3,144.2
0.6860,0.7661,4391.3,8.57,3.21,1105.9,1829.1,2598.3,5425.7,0.743,0.333,0,0,0,0,0,0,0.029,0.007,3.201,0.813,3.867,1,0,0,0.757,0.29,1.239,0.292,0.758,0.295,0.761,0.302,0.625,0.5,0.625,1,2.357,1,0.625,0.5,153.6,144.5
0.6880,0.7687,4407.9,8.55,3.2,1105.9,1831.6,2598.3,5432.7,0.738,0.333,0,0,0,0,0,0,0.029,0.006,3.183,0.801,3.904,1,0,0,0.752,0.287,1.24,0.289,0.753,0.292,0.756,0.3,0.623,0.5,0.623,1,2.362,1,0.623,0.5,153.8,144.7
0.6910,0.7726,4424.5,8.54,3.19,1105.9,1834,2598.3,5439.6,0.734,0.333,0,0,0,0,0,0,0.029,0.005,3.164,0.788,3.942,1,0,0,0.747,0.284,1.242,0.286,0.748,0.289,0.751,0.297,0.62,0.5,0.62,1,2.366,1,0.62,0.5,154.1,144.9
0.6940,0.7764,4441.3,8.52,3.19,1105.9,1836.4,2598.3,5446.5,0.729,0.333,0,0,0,0,0,0,0.029,0.004,3.143,0.775,3.982,1,0,0,0.742,0.281,1.245,0.283,0.743,0.286,0.746,0.295,0.617,0.5,0.617,1,2.37,1,0.617,0.5,154.4,145.2
0.6960,0.7789,4458,8.51,3.18,1105.9,1838.9,2598.3,5453.4,0.725,0.333,0,0,0,0,0,0,0.029,0.003,3.122,0.761,4.025,1,0,0,0.737,0.278,1.247,0.28,0.738,0.283,0.741,0.292,0.614,0.5,0.614,1,2.374,1,0.614,0.5,154.6,144.8
0.6990,0.7827,4474.7,8.49,3.17,1105.9,1841.3,2598.3,5460.3,0.72,0.333,0,0,0,0,0,0,0.025,0.002,3.105,0.747,4.075,1,0,0,0.732,0.275,1.253,0.277,0.733,0.28,0.736,0.29,0.611,0.5,0.611,1,2.378,1,0.611,0.5,154.9,145.5
0.7010,0.7853,4491.2,8.48,3.16,1105.9,1843.7,2598.3,5467.1,0.716,0.333,0,0,0,0,0,0,0.017,0.002,3.091,0.733,4.132,1,0,0,0.726,0.272,1.26,0.274,0.728,0.277,0.731,0.288,0.608,0.5,0.608,1,2.382,1,0.608,0.5,155.2,145.9
0.7040,0.7890,4508,8.46,3.16,1105.9,1846.2,2598.3,5473.9,0.711,0.333,0,0,0,0,0,0,0.011,0.001,3.075,0.719,4.188,1,0,0,0.721,0.27,1.267,0.271,0.723,0.274,0.726,0.285,0.605,0.5,0.605,1,2.387,1,0.605,0.5,155.4,146.1
0.7070,0.7928,4524.7,8.45,3.15,1105.9,1848.6,2598.3,5480.6,0.707,0.333,0,0,0,0,0,0,0.007,0.001,3.055,0.704,4.246,1,0,0,0.716,0.267,1.273,0.268,0.718,0.272,0.721,0.283,0.602,0.5,0.602,1,2.391,1,0.602,0.5,155.7,146.4
0.7090,0.7952,4541.5,8.43,3.14,1105.9,1851.1,2598.3,5487.4,0.702,0.333,0,0,0,0,0,0,0.003,0,3.033,0.689,4.303,1,0,0,0.711,0.264,1.28,0.265,0.713,0.269,0.716,0.28,0.599,0.5,0.599,1,2.395,1,0.599,0.5,156,146.6
0.7120,0.7989,4558.1,8.41,3.14,1105.9,1853.5,2598.3,5494.1,0.697,0.333,0,0,0,0,0,0,0.001,0,3.008,0.674,4.36,1,0,0,0.706,0.261,1.286,0.262,0.708,0.266,0.711,0.278,0.596,0.5,0.596,1,2.399,1,0.596,0.5,156.3,146.9
0.7140,0.8014,4574.6,8.4,3.14,1105.9,1855.9,2598.3,5500.7,0.693,0.333,0,0,0,0,0,0,-0.001,0,2.982,0.659,4.418,1,0,0,0.701,0.258,1.291,0.259,0.702,0.263,0.706,0.275,0.593,0.5,0.593,1,2.404,1,0.593,0.5,156.5,147.1
0.7170,0.8051,4591.7,8.38,3.13,1105.9,1858.4,2598.3,5507.3,0.688,0.333,0,0,0,0,0,0,-0.002,0,2.954,0.644,4.477,1,0,0,0.696,0.255,1.297,0.257,0.697,0.26,0.7,0.273,0.59,0.5,0.59,1,2.408,1,0.59,0.5,156.8,147.4
0.7200,0.8087,4608.1,8.37,3.13,1105.9,1860.8,2598.3,5513.9,0.683,0.333,0,0,0,0,0,0,0,0,2.923,0.628,4.538,1,0,0,0.69,0.252,1.303,0.254,0.692,0.257,0.695,0.27,0.586,0.5,0.586,1,2.412,1,0.586,0.5,157.1,147.7
0.7220,0.8111,4624.6,8.35,3.13,1105.9,1863.3,2598.3,5520.5,0.679,0.333,0,0,0,0,0,0,0,0,2.892,0.613,4.597,1,0,0,0.685,0.249,1.309,0.251,0.687,0.254,0.69,0.267,0.583,0.5,0.583,1,2.417,1,0.583,0.5,157.4,147.9
0.7250,0.8147,4641.5,8.34,3.13,1105.9,1865.7,2598.3,5527,0.674,0.333,0,0,0,0,0,0,0,0,2.86,0.598,4.66,1,0,0,0.68,0.246,1.315,0.248,0.682,0.251,0.685,0.264,0.58,0.5,0.58,1,2.421,1,0.58,0.5,157.7,148.1
0.7270,0.8171,4658.1,8.32,3.13,1105.9,1868.2,2598.3,5533.5,0.669,0.333,0,0,0,0,0,0,0,0,2.826,0.582,4.725,1,0,0,0.675,0.243,1.321,0.245,0.676,0.248,0.68,0.261,0.577,0.5,0.577,1,2.426,1,0.577,0.5,157.9,148.4
0.7300,0.8207,4674.8,8.31,3.13,1105.9,1870.6,2598.3,5539.9,0.665,0.333,0,0,0,0,0,0,0,0,2.792,0.567,4.792,1,0,0,0.67,0.24,1.327,0.242,0.671,0.246,0.675,0.258,0.573,0.5,0.573,1,2.43,1,0.573,0.5,158.2,148.7
0.7330,0.8242,4691.8,8.29,3.12,1105.9,1873,2598.3,5546.3,0.66,0.333,0,0,0,0,0,0,0,0,2.757,0.551,4.86,1,0,0,0.664,0.237,1.334,0.239,0.666,0.243,0.669,0.255,0.57,0.5,0.57,1,2.434,1,0.57,0.5,158.5,148.9
0.7350,0.8265,4708.2,8.28,3.12,1105.9,1875.5,2598.3,5552.7,0.655,0.333,0,0,0,0,0,0,0,0,2.722,0.535,4.929,1,0,0,0.659,0.234,1.34,0.236,0.661,0.24,0.664,0.251,0.567,0.5,0.567,1,2.439,1,0.567,0.5,158.8,149.2
0.7380,0.8300,4724.8,8.26,3.12,1105.9,1877.9,2598.3,5559,0.65,0.333,0,0,0,0,0,0,0,0,2.69,0.52,4.991,1,0,0,0.654,0.231,1.344,0.233,0.655,0.237,0.659,0.248,0.563,0.5,0.563,1,2.443,1,0.563,0.5,159.1,149.4
0.7400,0.8324,4741.5,8.25,3.12,1105.9,1880.4,2598.3,5565.3,0.646,0.333,0,0,0,0,0,0,0,0,2.657,0.504,5.057,1,0,0,0.648,0.228,1.348,0.23,0.65,0.234,0.654,0.245,0.56,0.5,0.56,1,2.448,1,0.56,0.5,159.4,149.7
0.7430,0.8358,4758.2,8.23,3.12,1105.9,1882.8,2598.3,5571.6,0.641,0.333,0,0,0,0,0,0,0,0,2.621,0.489,5.127,1,0,0,0.643,0.225,1.354,0.227,0.645,0.231,0.648,0.242,0.557,0.5,0.557,1,2.452,1,0.557,0.5,159.7,150
0.7460,0.8392,4774.8,8.22,3.12,1105.9,1885.2,2598.3,5577.8,0.636,0.333,0,0,0,0,0,0,0,0,2.579,0.473,5.209,1,0,0,0.638,0.222,1.362,0.224,0.64,0.228,0.643,0.239,0.553,0.5,0.553,1,2.456,1,0.553,0.5,160,149.7
0.7480,0.8415,4791.5,8.2,3.12,1105.9,1887.7,2598.3,5583.9,0.632,0.333,0,0,0,0,0,0,0,0,2.531,0.457,5.3,1,0,0,0.633,0.219,1.373,0.221,0.634,0.225,0.638,0.236,0.55,0.5,0.55,1,2.46,0.999,0.55,0.5,160.3,150.4
0.7510,0.8449,4808.3,8.18,3.12,1105.9,1890.1,2598.3,5590,0.627,0.333,0,0,0,0,0,0,0,0,2.483,0.442,5.394,1,0,0,0.627,0.217,1.383,0.219,0.629,0.223,0.633,0.233,0.546,0.5,0.546,1,2.463,0.998,0.546,0.5,160.6,150.8
0.7540,0.8482,4825.2,8.17,3.12,1105.9,1892.5,2598.3,5596.1,0.622,0.333,0,0,0,0,0,0,0,0,2.433,0.426,5.492,1,0,0,0.622,0.214,1.394,0.216,0.624,0.22,0.628,0.23,0.542,0.5,0.542,1,2.466,0.997,0.542,0.5,161,151.2
0.7560,0.8504,4841.7,8.15,3.12,1105.9,1894.9,2598.3,5602.2,0.618,0.333,0,0,0,0,0,0,0,0,2.381,0.409,5.591,1,0,0,0.617,0.211,1.405,0.213,0.619,0.217,0.623,0.227,0.539,0.5,0.539,1,2.469,0.996,0.539,0.5,161.4,151.5
0.7590,0.8538,4858.3,8.14,3.11,1105.9,1897.3,2598.3,5608.2,0.613,0.333,0,0,0,0,0,0,0,0,2.33,0.394,5.69,1,0,0,0.612,0.208,1.416,0.21,0.614,0.214,0.618,0.224,0.535,0.5,0.535,1,2.471,0.994,0.535,0.5,161.8,151.9
0.7610,0.8559,4875.1,8.12,3.11,1105.9,1899.7,2598.3,5614.2,0.609,0.333,0,0,0,0,0,0,0,0,2.278,0.378,5.792,1,0,0,0.607,0.205,1.426,0.207,0.609,0.211,0.613,0.222,0.531,0.5,0.531,1,2.473,0.992,0.531,0.5,162.2,152.3
0.7640,0.8592,4891.9,8.11,2.73,1105.9,1902.1,2598.3,5620.1,0.604,0.333,0,0,0,0,0,0,0,0,2.21,0.362,5.924,1,0,0,0.602,0.202,1.444,0.204,0.604,0.208,0.608,0.219,0.528,0.5,0.528,1,2.474,0.99,0.528,0.5,162.6,152.7
0.7670,0.8624,4908.3,8.09,2.73,1105.9,1904.5,2598.3,5626,0.6,0.333,0,0,0,0,0,0,0,0,2.155,0.346,6.032,0.999,0,0,0.597,0.199,1.456,0.201,0.599,0.205,0.603,0.217,0.524,0.5,0.524,1,2.475,0.987,0.524,0.5,163.1,153.1
0.7690,0.8646,4925.1,8.08,2.72,1105.9,1906.9,2598.3,5631.8,0.595,0.333,0,0,0,0,0,0,0,0,2.1,0.331,6.138,0.998,0,0,0.592,0.196,1.467,0.198,0.594,0.202,0.598,0.215,0.52,0.5,0.52,1,2.475,0.984,0.52,0.5,163.5,153.5
0.7720,0.8678,4941.8,8.06,2.71,1105.9,1909.3,2598.3,5637.6,0.591,0.333,0,0,0,0,0,0,0,0,2.042,0.316,6.251,0.997,0,0,0.587,0.193,1.479,0.195,0.589,0.199,0.593,0.212,0.516,0.5,0.516,1,2.474,0.981,0.516,0.5,164.1,154
0.7740,0.8699,4958.3,8.05,2.71,1105.9,1911.7,2598.3,5643.4,0.587,0.333,0,0,0,0,0,0,0,0,1.984,0.3,6.365,0.996,0,0,0.582,0.19,1.492,0.192,0.585,0.197,0.589,0.21,0.512,0.5,0.512,1,2.473,0.977,0.512,0.5,164.6,154.6
0.7770,0.8730,4975.2,8.03,2.7,1105.9,1914.1,2598.3,5649.1,0.583,0.333,0,0,0,0,0,0,0,0,1.925,0.285,6.479,0.994,0,0,0.578,0.187,1.505,0.189,0.58,0.194,0.584,0.207,0.509,0.5,0.509,1,2.471,0.972,0.509,0.5,165.2,155.1
0.7800,0.8761,4991.8,8.02,2.69,1105.9,1916.4,2598.3,5654.7,0.578,0.333,0,0,0,0,0,0,0,0,1.865,0.27,6.597,0.991,0,0,0.573,0.184,1.519,0.186,0.575,0.191,0.58,0.205,0.505,0.5,0.505,1,2.469,0.967,0.505,0.5,165.8,155.7
0.7820,0.8781,5008.4,8,2.69,1105.9,1918.8,2598.3,5660.4,0.574,0.333,0,0,0,0,0,0,0,0,1.814,0.256,6.697,0.988,0,0,0.569,0.181,1.529,0.183,0.571,0.188,0.575,0.202,0.501,0.5,0.501,1,2.465,0.962,0.501,0.5,166.4,156.3
0.7850,0.8812,5025.1,7.99,2.68,1105.9,1921.1,2598.3,5665.9,0.57,0.333,0,0,0,0,0,0,0,0,1.761,0.242,6.801,0.985,0,0,0.564,0.178,1.54,0.181,0.567,0.185,0.571,0.2,0.497,0.5,0.497,1,2.461,0.956,0.497,0.5,167.1,157
0.7870,0.8832,5041.8,7.97,2.67,1105.9,1923.5,2598.3,5671.4,0.567,0.333,0,0,0,0,0,0,0,0,1.701,0.228,6.918,0.98,0,0,0.56,0.175,1.555,0.178,0.562,0.182,0.567,0.198,0.493,0.5,0.493,1,2.456,0.95,0.493,0.5,167.8,157.6
0.7900,0.8862,5058.5,7.95,2.66,1105.9,1925.8,2598.3,5676.9,0.563,0.333,0,0,0,0,0,0,0,0,1.633,0.214,7.05,0.975,0,0,0.556,0.172,1.575,0.175,0.558,0.179,0.562,0.195,0.489,0.5,0.489,1,2.45,0.943,0.489,0.5,168.6,158.4
0.7930,0.8892,5075,7.94,2.65,1105.9,1928.1,2598.3,5682.3,0.559,0.333,0,0,0,0,0,0,0,0,1.565,0.201,7.18,0.97,0,0,0.552,0.169,1.594,0.172,0.554,0.177,0.558,0.193,0.484,0.5,0.484,1,2.443,0.935,0.484,0.5,169.4,159.2
0.7950,0.8912,5091.8,7.92,2.64,1105.9,1930.4,2598.3,5687.7,0.555,0.333,0,0,0,0,0,0,0,0,1.499,0.188,7.308,0.963,0,0,0.548,0.166,1.613,0.169,0.55,0.174,0.554,0.19,0.48,0.5,0.48,1,2.434,0.926,0.48,0.5,170.3,159.6
0.7980,0.8941,5108.6,7.91,2.63,1105.9,1932.7,2598.3,5693,0.552,0.333,0,0,0,0,0,0,0,0,1.433,0.175,7.435,0.956,0,0,0.544,0.164,1.633,0.166,0.546,0.171,0.55,0.187,0.476,0.5,0.476,1,2.425,0.917,0.476,0.5,171.2,160.9
0.8000,0.8960,5125.2,7.89,2.62,1105.9,1935,2598.3,5698.3,0.548,0.333,0,0,0,0,0,0,0,0,1.368,0.163,7.561,0.948,0,0,0.54,0.161,1.654,0.163,0.542,0.168,0.546,0.184,0.472,0.5,0.472,1,2.415,0.908,0.472,0.5,172.2,161.8
0.8030,0.8989,5141.8,7.88,2.61,1105.9,1937.3,2598.3,5703.6,0.545,0.333,0,0,0,0,0,0,0,0,1.304,0.151,7.684,0.939,0,0,0.536,0.158,1.675,0.16,0.538,0.165,0.543,0.181,0.468,0.5,0.468,1,2.403,0.898,0.468,0.5,173.2,162.8
0.8060,0.9017,5158.5,7.86,2.22,1105.9,1939.6,2598.3,5708.8,0.542,0.333,0,0,0,0,0,0,0,0,1.22,0.14,7.844,0.93,0,0,0.532,0.155,1.706,0.157,0.535,0.162,0.539,0.178,0.463,0.5,0.463,1,2.391,0.887,0.463,0.5,174.2,163.8
0.8080,0.9036,5175.3,7.85,2.2,1105.9,1941.9,2598.3,5713.9,0.538,0.333,0,0,0,0,0,0,0,0,1.157,0.129,7.964,0.919,0,0,0.529,0.152,1.729,0.154,0.531,0.159,0.535,0.175,0.459,0.5,0.459,1,2.378,0.876,0.459,0.5,175.3,164.9
0.8110,0.9063,5192.2,7.83,2.19,1105.9,1944.1,2598.3,5719,0.535,0.333,0,0,0,0,0,0,0,0,1.094,0.119,8.085,0.908,0,0,0.525,0.149,1.754,0.151,0.527,0.156,0.532,0.172,0.455,0.5,0.455,1,2.363,0.864,0.455,0.5,176.5,166
0.8140,0.9091,5208.8,7.82,2.18,1105.9,1946.3,2598.3,5724,0.532,0.333,0,0,0,0,0,0,0,0,1.031,0.109,8.204,0.895,0,0,0.521,0.146,1.781,0.148,0.524,0.153,0.528,0.169,0.45,0.5,0.45,1,2.347,0.851,0.45,0.5,177.7,167.2
0.8160,0.9109,5225.3,7.8,2.17,1105.9,1948.6,2598.3,5729,0.529,0.333,0,0,0,0,0,0,0,0,0.97,0.099,8.319,0.882,0,0,0.518,0.143,1.808,0.145,0.52,0.15,0.525,0.166,0.446,0.5,0.446,1,2.33,0.838,0.446,0.5,179,168.5
0.8190,0.9136,5242.1,7.79,2.16,1105.9,1950.8,2598.3,5734,0.526,0.333,0,0,0,0,0,0,0,0,0.909,0.09,8.432,0.868,0,0,0.515,0.14,1.837,0.143,0.517,0.148,0.522,0.162,0.442,0.5,0.442,1,2.312,0.825,0.442,0.5,180.3,169.8
0.8210,0.9153,5258.7,7.77,2.15,1105.9,1953,2598.3,5738.9,0.523,0.333,0,0,0,0,0,0,0,0,0.849,0.081,8.545,0.853,0,0,0.511,0.137,1.868,0.14,0.514,0.145,0.518,0.159,0.437,0.5,0.437,1,2.292,0.811,0.437,0.5,181.7,171.2
0.8240,0.9180,5275.4,7.76,2.13,1105.9,1955.2,2598.3,5743.7,0.52,0.333,0,0,0,0,0,0,0,0,0.791,0.073,8.652,0.837,0,0,0.508,0.134,1.9,0.137,0.511,0.142,0.515,0.156,0.433,0.5,0.433,1,2.272,0.796,0.433,0.5,183.1,172.6
0.8270,0.9206,5292.2,7.74,2.12,1105.9,1957.3,2598.3,5748.5,0.517,0.333,0,0,0,0,0,0,0,0,0.734,0.066,8.756,0.82,0,0,0.505,0.131,1.935,0.134,0.507,0.139,0.512,0.153,0.428,0.5,0.428,1,2.249,0.781,0.428,0.5,184.7,174.1
0.8290,0.9223,5308.8,7.72,2.11,1105.9,1959.5,2598.3,5753.2,0.514,0.333,0,0,0,0,0,0,0,0,0.688,0.058,8.84,0.802,0,0,0.502,0.128,1.967,0.131,0.504,0.136,0.509,0.15,0.423,0.5,0.423,1,2.226,0.765,0.423,0.5,186.3,175.4
0.8320,0.9248,5325.4,7.71,2.1,1105.9,1961.6,2598.3,5757.9,0.512,0.333,0,0,0,0,0,0,0,0,0.629,0.052,8.946,0.783,0,0,0.499,0.125,2.008,0.128,0.501,0.133,0.506,0.147,0.419,0.5,0.419,1,2.201,0.749,0.419,0.5,187.9,177.1
0.8340,0.9265,5342.1,7.69,2.09,1105.9,1963.7,2598.3,5762.5,0.509,0.333,0,0,0,0,0,0,0,0,0.573,0.045,9.044,0.764,0,0,0.496,0.122,2.051,0.125,0.498,0.13,0.503,0.144,0.414,0.5,0.414,1,2.175,0.732,0.414,0.5,189.7,178.9
0.8370,0.9290,5358.6,7.68,2.07,1105.9,1965.8,2598.3,5767,0.506,0.333,0,0,0,0,0,0,0,0,0.52,0.04,9.137,0.743,0,0,0.493,0.119,2.097,0.122,0.495,0.128,0.5,0.142,0.409,0.5,0.409,1,2.147,0.715,0.409,0.5,191.5,180.8
0.8400,0.9314,5375.5,7.66,2.06,1105.9,1967.9,2598.3,5771.5,0.504,0.333,0,0,0,0,0,0,0,0,0.469,0.034,9.224,0.722,0,0,0.49,0.116,2.146,0.119,0.492,0.125,0.497,0.139,0.405,0.5,0.405,1,2.118,0.697,0.405,0.5,193.3,182.7
0.8420,0.9330,5392.2,7.65,2.05,1105.9,1970,2598.3,5776,0.501,0.333,0,0,0,0,0,0,0,0,0.42,0.029,9.306,0.699,0,0,0.487,0.113,2.199,0.116,0.489,0.122,0.494,0.136,0.4,0.5,0.4,1,2.088,0.679,0.4,0.5,195.3,184.7
0.8450,0.9354,5408.8,7.63,2.04,1105.9,1972.1,2598.3,5780.4,0.498,0.333,0,0,0,0,0,0,0,0,0.374,0.025,9.381,0.676,0,0,0.484,0.11,2.256,0.113,0.487,0.119,0.492,0.134,0.395,0.5,0.395,1,2.057,0.661,0.395,0.5,197.3,186.8
0.8470,0.9369,5425.4,7.62,1.65,1105.9,1974.1,2598.3,5784.7,0.496,0.333,0,0,0,0,0,0,0,0,0.306,0.021,9.496,0.652,0,0,0.481,0.108,2.327,0.11,0.484,0.116,0.489,0.132,0.39,0.5,0.39,1,2.024,0.642,0.39,0.5,199.3,188.9
0.8500,0.9392,5442.2,7.6,1.63,1105.9,1976.1,2598.3,5789,0.493,0.333,0,0,0,0,0,0,0,0,0.266,0.018,9.557,0.629,0,0,0.478,0.105,2.391,0.107,0.481,0.113,0.486,0.129,0.386,0.5,0.386,1,1.99,0.624,0.386,0.5,201.4,191.1
0.8530,0.9415,5458.9,7.59,1.62,1105.9,1978.1,2598.3,5793.2,0.491,0.333,0,0,0,0,0,0,0,0,0.226,0.014,9.613,0.604,0,0,0.475,0.102,2.462,0.105,0.478,0.11,0.483,0.127,0.381,0.5,0.381,1,1.954,0.604,0.381,0.5,203.7,193.4
0.8550,0.9430,5475.4,7.57,1.6,1105.9,1980.1,2598.3,5797.4,0.488,0.333,0,0,0,0,0,0,0,0,0.191,0.012,9.661,0.579,0,0,0.472,0.099,2.536,0.102,0.475,0.107,0.48,0.124,0.376,0.5,0.376,1,1.918,0.585,0.376,0.5,206,195.8
0.8580,0.9452,5492.1,7.56,1.59,1105.9,1982,2598.3,5801.5,0.485,0.333,0,0,0,0,0,0,0,0,0.158,0.009,9.701,0.553,0,0,0.469,0.096,2.616,0.099,0.472,0.104,0.477,0.122,0.371,0.5,0.371,1,1.88,0.566,0.371,0.5,208.3,198.2
0.8600,0.9467,5508.9,7.54,1.57,1105.9,1984,2598.3,5805.5,0.483,0.333,0,0,0,0,0,0,0,0,0.129,0.007,9.733,0.528,0,0,0.466,0.093,2.701,0.096,0.469,0.102,0.474,0.12,0.366,0.5,0.366,1,1.842,0.546,0.366,0.5,210.7,200.7
0.8630,0.9488,5525.6,7.52,1.56,1105.9,1985.9,2598.3,5809.5,0.48,0.333,0,0,0,0,0,0,0,0,0.101,0.005,9.758,0.502,0,0,0.463,0.09,2.795,0.093,0.466,0.099,0.471,0.117,0.361,0.5,0.361,1,1.801,0.526,0.361,0.5,213.2,203.3
0.8660,0.9509,5542.4,7.51,1.54,1105.9,1987.8,2598.3,5813.5,0.477,0.333,0,0,0,0,0,0,0,0,0.077,0.004,9.773,0.477,0,0,0.46,0.087,2.894,0.09,0.463,0.096,0.468,0.115,0.356,0.5,0.356,1,1.759,0.506,0.356,0.5,215.8,206
0.8680,0.9523,5559.1,7.48,1.53,1105.9,1989.7,2598.3,5817.4,0.474,0.333,0,0,0,0,0,0,0,0,0.057,0.003,9.778,0.451,0,0,0.456,0.084,3.002,0.087,0.459,0.093,0.464,0.112,0.351,0.5,0.351,1,1.721,0.486,0.351,0.5,218.2,208.5
0.8710,0.9544,5575.6,7.46,1.51,1105.9,1991.5,2598.3,5821.2,0.471,0.332,0,0,0,0,0,0,0,0,0.04,0.002,9.775,0.425,0,0,0.452,0.081,3.118,0.084,0.455,0.09,0.46,0.11,0.345,0.499,0.345,0.997,1.691,0.467,0.345,0.499,220.3,210.7
0.8730,0.9557,5592.4,7.44,1.5,1105.9,1993.3,2598.3,5824.9,0.467,0.331,0,0,0,0,0,0,0,0,0.025,0.001,9.764,0.401,0,0,0.447,0.078,3.242,0.081,0.45,0.087,0.456,0.107,0.34,0.496,0.34,0.993,1.66,0.447,0.34,0.496,222.5,212.9
0.8760,0.9577,5609.1,7.41,1.49,1105.9,1995.1,2598.3,5828.6,0.464,0.329,0,0,0,0,0,0,0,0,0.013,0.001,9.743,0.376,0,0,0.442,0.075,3.379,0.078,0.445,0.084,0.451,0.104,0.335,0.493,0.335,0.986,1.627,0.427,0.335,0.493,224.8,215.3
0.8790,0.9596,5625.9,7.39,1.47,1105.9,1996.9,2598.3,5832.3,0.46,0.326,0,0,0,0,0,0,0,0,0.004,0,9.712,0.351,0,0,0.438,0.072,3.526,0.075,0.441,0.081,0.447,0.101,0.33,0.489,0.33,0.977,1.592,0.408,0.33,0.489,227.1,217.7
0.8810,0.9609,5642.3,7.36,1.46,1105.9,1998.7,2598.3,5835.8,0.457,0.322,0,0,0,0,0,0,0,0,-0.002,0,9.67,0.328,0,0,0.435,0.069,3.686,0.072,0.438,0.078,0.443,0.099,0.325,0.483,0.325,0.967,1.541,0.389,0.325,0.483,230.3,220.9
0.8840,0.9628,5658.9,7.33,1.45,1105.9,2000.4,2598.3,5839.3,0.454,0.318,0,0,0,0,0,0,0,0,0,0,9.617,0.305,0,0,0.432,0.066,3.856,0.069,0.435,0.075,0.441,0.096,0.323,0.477,0.32,0.955,1.483,0.37,0.323,0.477,233.7,224.5
0.8860,0.9640,5675.7,7.3,1.43,1105.9,2002.1,2598.3,5842.8,0.45,0.314,0,0,0,0,0,0,0,0,0,0,9.553,0.282,0,0,0.429,0.063,4.043,0.066,0.432,0.073,0.437,0.092,0.321,0.47,0.314,0.941,1.427,0.351,0.321,0.47,237.1,228
0.8890,0.9658,5692.6,7.27,1.42,1105.9,2003.8,2598.3,5846.2,0.447,0.308,0,0,0,0,0,0,0,0,0,0,9.483,0.261,0,0,0.425,0.061,4.25,0.064,0.428,0.07,0.434,0.089,0.318,0.462,0.309,0.925,1.37,0.332,0.318,0.462,240.5,231.5
0.8920,0.9675,5711.1,7.23,1.41,1105.9,2005.4,2968.9,5443.1,0.443,0.303,0,0,0,0,0,0,0,0,0,0,9.407,0.24,0,0,0.421,0.058,4.474,0.061,0.424,0.067,0.43,0.086,0.315,0.454,0.304,0.908,1.315,0.314,0.315,0.454,243.9,235
0.8950,0.9692,5725.7,7.2,1.4,1105.9,2007.1,2978.3,5446,0.439,0.296,0,0,0,0,0,0,0,0,0,0,9.313,0.218,0,0,0.417,0.055,4.75,0.057,0.419,0.064,0.425,0.083,0.312,0.443,0.298,0.887,1.255,0.294,0.312,0.443,247.6,238.9
0.8970,0.9704,5742.6,7.17,1.31,1105.9,2008.7,2985.4,5448.8,0.435,0.29,0,0,0,0,0,0,0,0,0,0,9.23,0.201,0,0,0.413,0.052,4.991,0.055,0.415,0.061,0.421,0.08,0.31,0.435,0.293,0.869,1.209,0.279,0.31,0.435,250.6,241.9
0.9000,0.9720,5759.2,7.13,1,1105.9,2010.3,2990.8,5451.5,0.43,0.283,0,0,0,0,0,0,0,0,0,0,9.12,0.183,0,0,0.408,0.049,5.313,0.052,0.411,0.058,0.416,0.077,0.307,0.424,0.288,0.848,1.156,0.262,0.307,0.424,253.9,245.4
0.9020,0.9731,5775.7,7.09,0.99,1105.9,2011.8,2995,5454.2,0.425,0.275,0,0,0,0,0,0,0,0,0,0,9.009,0.166,0,0,0.402,0.047,5.635,0.049,0.405,0.055,0.411,0.073,0.304,0.413,0.282,0.826,1.115,0.246,0.304,0.413,256.8,248.3
0.9050,0.9746,5792.5,7.06,0.97,1105.9,2013.3,2998.2,2998.2,0.42,0.268,0,0,0,0,0,0,0,0,0,0,8.887,0.15,0,0,0.395,0.044,5.99,0.047,0.398,0.053,0.404,0.07,0.3,0.401,0.277,0.803,1.081,0.23,0.3,0.401,259.3,250.9
0.9070,0.9757,5809.1,6.18,0.96,1105.9,2014.8,3000.7,3000.7,0.417,0.259,0,0,0,0,0,0,0,0,0,0,8.749,0.135,0,0,0.392,0.041,6.392,0.044,0.395,0.05,0.401,0.067,0.299,0.389,0.273,0.778,0.995,0.215,0.299,0.389,264.3,254.4
0.9100,0.9772,5825.8,6.14,0.87,1105.9,2016.2,3002.6,3002.6,0.411,0.251,0,0,0,0,0,0,0,0,0,0,8.596,0.12,0,0,0.385,0.039,6.836,0.042,0.388,0.047,0.394,0.064,0.295,0.377,0.267,0.753,0.962,0.2,0.295,0.377,266.8,257
0.9120,0.9781,5842.5,6.1,0.79,1105.9,2017.7,3004.2,3004.2,0.406,0.242,0,0,0,0,0,0,0,0,0,0,8.422,0.107,0,0,0.379,0.037,7.34,0.039,0.382,0.044,0.388,0.062,0.291,0.363,0.261,0.727,0.908,0.185,0.291,0.363,270.4,260.6
0.9150,0.9796,5859.1,6.06,0.55,1105.9,2019,3005.4,3005.4,0.4,0.233,0,0,0,0,0,0,0,0,0,0,8.224,0.094,0,0,0.373,0.034,7.913,0.037,0.376,0.042,0.382,0.059,0.287,0.35,0.256,0.7,0.852,0.172,0.287,0.35,274,264.3
0.9180,0.9809,5875.9,6.02,0.54,1105.9,1943.9,3006.4,3006.4,0.394,0.224,0,0,0,0,0,0,0,0,0,0,8.017,0.083,0,0,0.366,0.032,8.514,0.034,0.37,0.039,0.376,0.056,0.283,0.336,0.25,0.673,0.797,0.159,0.283,0.336,277.7,268.1
0.9200,0.9818,5892.5,5.98,0.53,1105.9,1887.7,3007.2,3007.2,0.387,0.215,0,0,0,0,0,0,0,0,0,0,7.777,0.072,0,0,0.36,0.03,9.208,0.032,0.363,0.037,0.369,0.054,0.278,0.322,0.245,0.644,0.746,0.146,0.278,0.322,281.2,271.6
0.9230,0.9831,5909.2,5.94,0.51,1105.9,1845.7,3007.9,3007.9,0.38,0.205,0,0,0,0,0,0,0,0,0,0,7.514,0.062,0,0,0.352,0.027,9.968,0.03,0.355,0.034,0.362,0.051,0.274,0.308,0.239,0.616,0.698,0.134,0.274,0.308,284.5,275
0.9260,0.9844,5925.8,5.9,0.5,1105.9,1814.5,3008.5,3008.5,0.373,0.196,0,0,0,0,0,0,0,0,0,0,7.217,0.053,0,0,0.345,0.025,10.825,0.028,0.348,0.032,0.354,0.049,0.269,0.294,0.233,0.587,0.65,0.122,0.269,0.294,287.9,278.5
0.9280,0.9852,5942.6,5.86,0.11,1105.9,1791.2,3009,3009,0.366,0.186,0,0,0,0,0,0,0,0,0,0,6.87,0.045,0,0,0.337,0.023,11.825,0.026,0.34,0.03,0.346,0.047,0.264,0.279,0.227,0.558,0.605,0.111,0.264,0.279,291.2,281.8
0.9310,0.9864,5959.3,5.82,0.1,1105.9,1773.9,3009.5,3009.5,0.358,0.176,0,0,0,0,0,0,0,0,0,0,6.507,0.038,0,0,0.328,0.022,12.872,0.024,0.331,0.028,0.338,0.044,0.259,0.265,0.222,0.529,0.561,0.101,0.259,0.265,294.4,285.1
0.9330,0.9871,5976,5.79,0.09,1105.9,1761.2,0,0,0.35,0.167,0,0,0,0,0,0,0,0,0,0,6.099,0.031,0,0,0.319,0.02,14.047,0.022,0.323,0.026,0.329,0.042,0.253,0.25,0.216,0.5,0.52,0.091,0.253,0.25,297.6,288.3
0.9360,0.9882,5992.8,5.74,0.08,1105.9,1751.8,0,0,0.341,0.157,0,0,0,0,0,0,0,0,0,0,5.652,0.025,0,0,0.31,0.018,15.337,0.02,0.313,0.024,0.32,0.039,0.248,0.235,0.21,0.47,0.481,0.082,0.248,0.235,300.7,291.4
0.9390,0.9893,6009.4,4.87,0.08,1105.9,1744.9,0,0,0.335,0.147,0,0,0,0,0,0,0,0,0,0,5.166,0.02,0,0,0.303,0.016,16.735,0.018,0.306,0.022,0.312,0.037,0.243,0.221,0.205,0.441,0.405,0.073,0.243,0.221,305.5,294.5
0.9410,0.9900,6025.9,4.83,0.07,1105.9,1739.9,0,0,0.325,0.137,0,0,0,0,0,0,0,0,0,0,4.619,0.016,0,0,0.292,0.015,18.309,0.016,0.295,0.02,0.302,0.034,0.237,0.206,0.199,0.412,0.39,0.065,0.237,0.206,307.4,296.4
0.9440,0.9909,6042.7,4.79,0.06,1105.9,1736.3,0,0,0.316,0.128,0,0,0,0,0,0,0,0,0,0,4.042,0.012,0,0,0.281,0.013,19.969,0.015,0.284,0.018,0.291,0.032,0.231,0.192,0.193,0.384,0.377,0.057,0.231,0.192,309.3,296.7
0.9460,0.9916,6059.3,4.75,0.05,1105.9,1733.7,0,0,0.306,0.118,0,0,0,0,0,0,0,0,0,0,3.428,0.009,0,0,0.271,0.012,21.736,0.013,0.274,0.016,0.281,0.03,0.225,0.178,0.187,0.355,0.338,0.05,0.225,0.178,312.5,300.7
0.9490,0.9925,6076.1,4.71,0.04,1105.9,1731.9,0,0,0.296,0.109,0,0,0,0,0,0,0,0,0,0,2.818,0.007,0,0,0.26,0.011,23.491,0.012,0.263,0.015,0.27,0.027,0.218,0.164,0.181,0.327,0.311,0.044,0.218,0.164,315,303.9
0.9520,0.9933,6092.8,4.68,0.04,1105.9,1730.7,0,0,0.286,0.1,0,0,0,0,0,0,0,0,0,0,2.213,0.005,0,0,0.249,0.009,25.23,0.011,0.252,0.013,0.259,0.025,0.211,0.15,0.175,0.3,0.29,0.038,0.211,0.15,317.3,306.3
0.9540,0.9938,6109.6,4.64,0.03,1105.9,1730,0,0,0.275,0.091,0,0,0,0,0,0,0,0,0,0,1.609,0.003,0,0,0.237,0.008,26.968,0.009,0.241,0.012,0.247,0.023,0.204,0.136,0.169,0.273,0.274,0.032,0.204,0.136,319.4,308.4
0.9570,0.9946,6126.2,4.6,0.03,1105.9,1729.5,0,0,0.265,0.082,0,0,0,0,0,0,0,0,0,0,1.041,0.002,0,0,0.225,0.007,28.602,0.008,0.229,0.01,0.236,0.021,0.197,0.123,0.163,0.246,0.259,0.027,0.197,0.123,321.4,310.4
0.9590,0.9951,6143,4.46,0.02,1105.9,1729.3,0,0,0.254,0.074,0,0,0,0,0,0,0,0,0,0,0.622,0.001,0,0,0.214,0.006,29.807,0.007,0.217,0.009,0.225,0.018,0.19,0.111,0.157,0.221,0.219,0.023,0.19,0.111,324.7,313.4
0.9620,0.9958,6159.5,4.32,0.02,1105.9,1729.2,0,0,0.243,0.066,0,0,0,0,0,0,0,0,0,0,0.252,0,0,0,0.202,0.005,30.871,0.006,0.206,0.008,0.213,0.016,0.183,0.098,0.151,0.197,0.184,0.019,0.183,0.098,327.8,316.2
0.9650,0.9964,6176.3,4.19,0.02,1105.9,1729.3,0,0,0.232,0.058,0,0,0,0,0,0,0,0,0,0,0.026,0,0,0,0.191,0.005,31.519,0.005,0.194,0.007,0.201,0.014,0.175,0.087,0.145,0.174,0.153,0.016,0.175,0.087,330.7,318.9
0.9670,0.9968,6192.7,4.07,0.01,1105.9,1729.4,0,0,0.221,0.05,0,0,0,0,0,0,0,0,0,0,0,0,0,0,0.178,0.004,31.623,0.004,0.182,0.006,0.189,0.013,0.168,0.076,0.139,0.151,0.123,0.012,0.168,0.076,333.5,321.7
0.9700,0.9974,6209.7,3.95,0.01,1105.9,1729.6,0,0,0.21,0.043,0,0,0,0,0,0,0,0,0,0,0,0,0,0,0.166,0.003,31.623,0.004,0.17,0.005,0.177,0.011,0.16,0.065,0.133,0.13,0.097,0.01,0.16,0.065,336.1,324.3
0.9720,0.9977,6226,3.85,0.01,1105.9,1729.8,0,0,0.198,0.037,0,0,0,0,0,0,0,0,0,0,0,0,0,0,0.153,0.003,31.624,0.003,0.157,0.005,0.164,0.009,0.152,0.055,0.127,0.11,0.074,0.007,0.152,0.055,338.7,326.8
0.9750,0.9982,6242.8,3.55,0.01,1105.9,1730,0,0,0.186,0.031,0,0,0,0,0,0,0,0,0,0,0,0,0,0,0.14,0.002,31.624,0.003,0.144,0.004,0.151,0.008,0.144,0.046,0.121,0.092,0.041,0.005,0.144,0.046,341.7,329.8
0.9780,0.9986,6259.5,3.52,0.01,1105.9,1730.3,0,0,0.174,0.025,0,0,0,0,0,0,0,0,0,0,0,0,0,0,0.127,0.002,31.625,0.002,0.131,0.003,0.138,0.006,0.136,0.037,0.115,0.075,0.031,0.004,0.136,0.037,343.6,331.7
0.9800,0.9988,6276.1,3.5,0.01,1105.9,1730.5,0,0,0.161,0.02,0,0,0,0,0,0,0,0,0,0,0,0,0,0,0.113,0.001,31.625,0.002,0.117,0.002,0.124,0.005,0.128,0.03,0.109,0.059,0.022,0.002,0.128,0.03,345.5,333.5
0.9830,0.9991,6292.9,3.47,0.01,1105.9,1730.8,0,0,0.148,0.015,0,0,0,0,0,0,0,0,0,0,0,0,0,0,0.099,0.001,31.625,0.001,0.103,0.002,0.111,0.004,0.119,0.023,0.102,0.045,0.014,0.001,0.119,0.023,347.2,335.3
0.9850,0.9993,6309.6,3.45,0.01,1105.9,1731,0,0,0.135,0.011,0,0,0,0,0,0,0,0,0,0,0,0,0,0,0.085,0.001,31.626,0.001,0.089,0.001,0.097,0.003,0.111,0.016,0.096,0.033,0.008,0.001,0.111,0.016,349,337
0.9880,0.9996,6326.3,3.43,0,1105.9,1731.2,0,0,0.122,0.007,0,0,0,0,0,0,0,0,0,0,0,0,0,0,0.071,0,31.626,0.001,0.075,0.001,0.083,0.002,0.102,0.011,0.09,0.022,0,0,0.102,0.011,350.6,338.7
0.9910,0.9998,6342.9,3.41,0,1105.9,1731.4,0,0,0.109,0.005,0,0,0,0,0,0,0,0,0,0,0,0,0,0,0.057,0,31.627,0,0.061,0.001,0.068,0.001,0.093,0.007,0.084,0.014,0,0,0.093,0.007,352,340.1
0.9930,0.9999,6359.6,3.4,0,1105.9,1731.5,0,0,0.096,0.002,0,0,0,0,0,0,0,0,0,0,0,0,0,0,0.042,0,31.627,0,0.046,0,0.054,0.001,0.084,0.004,0.077,0.007,0,0,0.084,0.004,353.4,341.5
0.9960,1.0000,6376.6,3.36,0,1105.9,1731.7,0,0,0,0.001,0,0,0,0,0,0,0,0,0,0,0,0,0,0,0,0,0,0,0,0,0,0,0,0.001,0,0.003,0,0,0,0.001,357.1,345.2
0.9990,1.0000,6392.9,3.36,0,1105.9,1731.8,0,0,0,0,0,0,0,0,0,0,0,0,0,0,0,0,0,0,0,0,0,0,0,0,0,0,0,0,0,0,0,0,0,0,357.1,345.2
