pr,ease,t_ms,seamI_deg,seamO_deg,inner_rMin,inner_rMax,outer_rMin,outer_rMax,03 - Resources_arcFrac,03 - Resources_alphaFrac,00 - Inbox_arc,00 - Inbox_noteArc,01 - Projects_arc,01 - Projects_noteArc,02 - Areas_arc,02 - Areas_noteArc,04 - Daily Notes_arc,04 - Daily Notes_noteArc,05 - Meeting Notes_arc,05 - Meeting Notes_noteArc,06 - Zettelkasten_arc,06 - Zettelkasten_noteArc,07 - Weekly Reviews_arc,07 - Weekly Reviews_noteArc,08 - Archive_arc,08 - Archive_noteArc,09 - Maps of Content_arc,09 - Maps of Content_noteArc,10 - Literature Notes_arc,10 - Literature Notes_noteArc,11 - Clippings_arc,11 - Clippings_noteArc,12 - Journal_arc,12 - Journal_noteArc,13 - Someday Maybe_arc,13 - Someday Maybe_noteArc,14 - Reading List_arc,14 - Reading List_noteArc,15 - Courses_arc,15 - Courses_noteArc,(vault root)_arc,(vault root)_noteArc
0.0000,0.0000,0,13.79,6.17,1105.9,1728.5,2656.7,3936.7,0,0,4,3.4,65.9,62.7,47.7,44.7,65.5,62.1,131.6,128.8,65.9,63.3,32.7,29.8,94.5,90.1,59.8,60.9,11.4,10.7,30,31.4,15.1,16.1,4,3.1,4,2.2,64.7,59.3,4,2.4
0.0010,0.0000,12,13.79,6.17,1105.9,1728.5,2656.7,3936.7,0,0,4,3.4,65.9,62.7,47.7,44.7,65.5,62.1,131.6,128.8,65.9,63.3,32.7,29.8,94.5,90.1,59.8,60.9,11.4,10.7,30,31.4,15.1,16.1,4,3.1,4,2.2,64.7,59.3,4,2.4
0.0030,0.0000,28.4,13.79,6.17,1105.9,1728.5,2656.7,3936.7,0.002,0,4,3.4,65.9,62.7,47.7,44.7,65.5,62.1,131.6,128.8,65.9,63.3,32.7,29.8,94.5,90.1,59.8,60.9,11.4,10.7,30,31.4,15.1,16.1,4,3.1,4,2.2,64.7,59.3,4,2.4
0.0060,0.0001,45.4,13.79,6.17,1105.9,1728.5,2656.7,3936.7,0.002,0,4,3.4,65.9,62.7,47.7,44.7,65.5,62.1,131.6,128.8,65.9,63.3,32.7,29.8,94.5,90.1,59.8,60.9,11.4,10.7,30,31.4,15.1,16.1,4,3.1,4,2.2,64.7,59.3,4,2.4
0.0080,0.0002,62.3,13.79,6.17,1105.9,1728.5,2656.7,3936.7,0.002,0,4,3.4,65.9,62.7,47.7,44.7,65.5,62.1,131.6,128.8,65.9,63.3,32.7,29.8,94.5,90.1,59.8,60.9,11.4,10.7,30,31.4,15.1,16.1,4,3.1,4,2.2,64.7,59.3,4,2.4
0.0110,0.0004,78.4,13.79,6.17,1105.9,1728.5,2656.7,3936.7,0.002,0,4,3.4,65.9,62.7,47.7,44.7,65.5,62.1,131.6,128.8,65.9,63.3,32.7,29.8,94.5,90.1,59.8,60.9,11.4,10.7,30,31.4,15.1,16.1,4,3.1,4,2.2,64.7,59.3,4,2.4
0.0130,0.0005,95.3,13.79,6.17,1105.9,1728.4,2656.7,3936.7,0.002,0,4,3.4,65.9,62.7,47.7,44.7,65.5,62.1,131.6,128.8,65.9,63.3,32.7,29.8,94.5,90.1,59.8,60.9,11.4,10.7,30,31.4,15.1,16.1,4,3.1,4,2.2,64.7,59.3,4,2.4
0.0160,0.0008,111.8,13.79,6.17,1105.9,1728.4,2656.7,3936.7,0.002,0,4,3.4,65.9,62.7,47.7,44.7,65.5,62.1,131.6,128.8,65.9,63.3,32.7,29.8,94.5,90.1,59.8,60.9,11.4,10.7,30,31.4,15.1,16.1,4,3.1,4,2.2,64.7,59.3,4,2.4
0.0190,0.0011,129.2,13.79,6.17,1105.9,1728.4,2656.7,3936.7,0.002,0,4,3.4,65.9,62.7,47.7,44.7,65.5,62.1,131.6,128.8,65.9,63.3,32.7,29.8,94.5,90.1,59.8,60.9,11.4,10.7,30,31.4,15.1,16.1,4,3.1,4,2.2,64.7,59.3,4,2.4
0.0210,0.0013,145.7,13.8,6.17,1105.9,1728.4,2656.7,3936.7,0.002,0,4,3.4,65.9,62.7,47.7,44.7,65.5,62.1,131.6,128.8,65.9,63.3,32.7,29.8,94.5,90.1,59.8,60.9,11.4,10.7,30,31.4,15.1,16.1,4,3.1,4,2.2,64.6,59.3,4,2.4
0.0240,0.0017,162,13.8,6.17,1105.9,1728.3,2656.7,3936.7,0.003,0,4,3.4,65.9,62.7,47.7,44.7,65.5,62.1,131.6,128.8,65.9,63.3,32.7,29.8,94.5,90.1,59.8,60.9,11.4,10.7,30,31.4,15.1,16.1,4,3.1,4,2.2,64.6,59.3,4,2.4
0.0270,0.0021,178.5,13.78,6.17,1105.9,1728.3,2656.7,3936.7,0.003,0,4,3.4,65.9,62.7,47.7,44.7,65.5,62.1,131.6,128.8,65.9,63.3,32.7,29.8,94.4,90.1,59.8,60.9,11.4,10.7,30,31.4,15.1,16.1,4,3.1,4,2.2,64.6,59.3,4,2.4
0.0290,0.0025,195.4,13.79,6.17,1105.9,1728.3,2656.7,3936.7,0.003,0.001,4,3.4,65.9,62.7,47.7,44.7,65.5,62.1,131.6,128.8,65.9,63.3,32.7,29.8,94.4,90.1,59.8,60.8,11.4,10.7,30,31.4,15.1,16.1,4,3.1,4,2.2,64.6,59.2,4,2.4
0.0320,0.0030,211.9,13.79,6.17,1105.9,1728.2,2656.7,3936.7,0.004,0.001,4,3.4,65.9,62.7,47.7,44.7,65.5,62.1,131.6,128.8,65.9,63.3,32.7,29.8,94.4,90.1,59.8,60.8,11.4,10.7,30,31.4,15.1,16.1,4,3.1,4,2.2,64.6,59.2,4,2.4
0.0340,0.0034,228.5,13.79,6.17,1105.9,1728.2,2656.7,3936.7,0.004,0.001,4,3.4,65.9,62.7,47.7,44.7,65.5,62.1,131.6,128.8,65.9,63.3,32.7,29.8,94.4,90,59.8,60.8,11.4,10.7,30,31.4,15.1,16.1,4,3.1,4,2.2,64.6,59.2,4,2.4
0.0370,0.0040,245.5,13.8,6.17,1105.9,1728.1,2656.7,3936.7,0.005,0.001,4,3.4,65.9,62.7,47.7,44.7,65.5,62.1,131.6,128.8,65.9,63.3,32.7,29.8,94.4,90,59.8,60.8,11.4,10.7,30,31.4,15.1,16.1,4,3.1,4,2.2,64.6,59.2,4,2.4
0.0400,0.0047,262,13.78,6.17,1105.9,1728.1,2656.7,3936.7,0.006,0.001,4,3.4,65.9,62.7,47.7,44.7,65.5,62.1,131.6,128.8,65.9,63.3,32.7,29.8,94.4,90,59.8,60.8,11.4,10.7,30,31.4,15.1,16.1,4,3.1,4,2.2,64.6,59.2,4,2.4
0.0420,0.0051,278.8,13.79,6.17,1105.9,1728,2656.7,3936.7,0.006,0.001,4,3.4,65.9,62.7,47.7,44.7,65.5,62.1,131.6,128.8,65.9,63.3,32.7,29.8,94.4,90,59.8,60.8,11.4,10.7,30,31.4,15.1,16.1,4,3.1,4,2.2,64.6,59.2,4,2.4
0.0450,0.0059,295.6,13.79,6.17,1105.9,1727.9,2656.7,3936.7,0.007,0.002,4,3.4,65.9,62.7,47.7,44.7,65.5,62.1,131.6,128.8,65.9,63.3,32.7,29.8,94.4,90,59.7,60.8,11.4,10.7,30,31.4,15.1,16.1,4,3.1,4,2.2,64.6,59.2,4,2.4
0.0470,0.0064,312.4,13.79,6.17,1105.9,1727.9,2656.7,3936.7,0.008,0.002,4,3.4,65.9,62.7,47.7,44.7,65.4,62.1,131.6,128.8,65.9,63.3,32.7,29.8,94.3,90,59.7,60.8,11.4,10.7,30,31.4,15.1,16.1,4,3.1,4,2.2,64.6,59.2,4,2.4
0.0500,0.0073,328.8,13.78,6.17,1105.9,1727.8,2656.7,3936.7,0.009,0.002,4,3.4,65.9,62.7,47.7,44.7,65.4,62.1,131.6,128.8,65.9,63.3,32.7,29.8,94.3,90,59.7,60.8,11.4,10.7,30,31.4,15.1,16.1,4,3.1,4,2.2,64.6,59.2,4,2.4
0.0530,0.0081,345.5,13.79,6.17,1105.9,1727.7,2656.7,3936.7,0.01,0.002,4,3.4,65.9,62.7,47.7,44.7,65.4,62,131.6,128.8,65.9,63.3,32.7,29.8,94.3,89.9,59.7,60.8,11.4,10.7,29.9,31.3,15.1,16.1,4,3.1,4,2.2,64.5,59.2,4,2.4
0.0550,0.0087,362.4,13.79,6.17,1105.9,1727.6,2656.7,3936.7,0.011,0.003,4,3.4,65.9,62.7,47.7,44.7,65.4,62,131.6,128.8,65.9,63.3,32.7,29.8,94.3,89.9,59.7,60.7,11.4,10.7,29.9,31.3,15.1,16.1,4,3.1,4,2.2,64.5,59.2,4,2.4
0.0580,0.0097,378.8,13.8,6.17,1105.9,1727.5,2656.7,3936.7,0.013,0.003,4,3.4,65.9,62.7,47.7,44.7,65.4,62,131.6,128.8,65.9,63.3,32.7,29.8,94.3,89.9,59.7,60.7,11.4,10.7,29.9,31.3,15.1,16,4,3.1,4,2.2,64.5,59.1,4,2.4
0.0610,0.0107,395.5,13.78,6.17,1105.9,1727.4,2656.7,3936.7,0.014,0.003,4,3.4,65.9,62.7,47.7,44.7,65.4,62,131.6,128.8,65.9,63.3,32.7,29.8,94.2,89.9,59.6,60.7,11.4,10.7,29.9,31.3,15.1,16,4,3.1,4,2.2,64.5,59.1,4,2.4
0.0630,0.0114,412.7,13.79,6.17,1105.9,1727.3,2656.7,3936.7,0.015,0.004,4,3.4,65.9,62.7,47.7,44.7,65.3,62,131.6,128.8,65.9,63.3,32.7,29.8,94.2,89.8,59.6,60.7,11.4,10.7,29.9,31.3,15,16,4,3.1,4,2.2,64.5,59.1,4,2.4
0.0660,0.0125,428.8,13.77,6.17,1105.9,1727.2,2656.7,3936.7,0.017,0.004,4,3.4,65.9,62.7,47.7,44.7,65.3,62,131.6,128.8,65.9,63.3,32.7,29.8,94.2,89.8,59.6,60.7,11.4,10.7,29.9,31.3,15,16,4,3.1,4,2.2,64.5,59.1,4,2.4
0.0680,0.0132,445.5,13.78,6.17,1105.9,1727.1,2656.7,3936.7,0.019,0.005,4,3.4,65.9,62.7,47.7,44.7,65.3,61.9,131.6,128.8,65.9,63.3,32.7,29.8,94.1,89.8,59.6,60.6,11.4,10.7,29.9,31.3,15,16,4,3.1,4,2.2,64.4,59.1,4,2.4
0.0710,0.0144,462.3,13.79,6.17,1105.9,1727,2656.7,3936.7,0.02,0.005,4,3.4,65.9,62.7,47.7,44.7,65.3,61.9,131.6,128.8,65.9,63.3,32.7,29.8,94.1,89.8,59.6,60.6,11.4,10.7,29.9,31.3,15,16,4,3.1,4,2.2,64.4,59,4,2.4
0.0730,0.0152,479.2,13.77,6.17,1105.9,1726.9,2656.7,3936.7,0.022,0.006,4,3.4,65.9,62.7,47.7,44.7,65.2,61.9,131.6,128.8,65.9,63.3,32.7,29.8,94.1,89.7,59.5,60.6,11.4,10.7,29.9,31.3,15,16,4,3.1,4,2.2,64.4,59,4,2.4
0.0760,0.0165,495.9,13.78,6.17,1105.9,1726.8,2656.7,3936.7,0.024,0.006,4,3.4,65.9,62.7,47.7,44.7,65.2,61.9,131.6,128.8,65.9,63.3,32.7,29.8,94,89.7,59.5,60.6,11.4,10.7,29.9,31.2,15,16,4,3.1,4,2.2,64.4,59,4,2.4
0.0790,0.0177,512.4,13.77,6.17,1105.9,1726.7,2656.7,3936.7,0.027,0.007,4,3.4,65.9,62.7,47.7,44.7,65.2,61.8,131.6,128.8,65.9,63.3,32.7,29.8,94,89.6,59.5,60.5,11.4,10.7,29.8,31.2,15,16,4,3.1,4,2.2,64.3,59,4,2.4
0.0810,0.0186,529.1,13.78,6.17,1105.9,1726.5,2656.7,3936.7,0.029,0.008,4,3.4,65.9,62.7,47.7,44.7,65.2,61.8,131.6,128.8,65.9,63.3,32.7,29.8,93.9,89.6,59.4,60.5,11.4,10.7,29.8,31.2,15,16,4,3.1,4,2.2,64.3,58.9,4,2.4
0.0840,0.0200,545.3,13.78,6.17,1105.9,1726.4,2656.7,3936.7,0.031,0.008,4,3.4,65.9,62.7,47.7,44.7,65.1,61.8,131.6,128.8,65.9,63.3,32.7,29.8,93.9,89.6,59.4,60.5,11.4,10.7,29.8,31.2,15,16,4,3.1,4,2.2,64.3,58.9,4,2.4
0.0860,0.0209,562.5,13.77,6.17,1105.9,1726.3,2656.7,3936.7,0.034,0.009,4,3.4,65.9,62.7,47.7,44.7,65.1,61.8,131.6,128.8,65.9,63.3,32.7,29.8,93.9,89.5,59.4,60.4,11.4,10.7,29.8,31.2,15,16,4,3.1,4,2.2,64.3,58.9,4,2.4
0.0890,0.0224,579.7,13.78,6.17,1105.9,1726.1,2656.7,3936.7,0.037,0.01,4,3.4,65.9,62.7,47.7,44.7,65.1,61.7,131.6,128.8,65.9,63.3,32.7,29.8,93.8,89.5,59.3,60.4,11.4,10.7,29.8,31.2,15,16,4,3.1,4,2.2,64.2,58.9,4,2.4
0.0920,0.0238,595.6,13.77,6.17,1105.9,1726,2656.7,3936.7,0.039,0.01,4,3.4,65.9,62.7,47.7,44.7,65,61.7,131.6,128.8,65.9,63.3,32.7,29.8,93.7,89.4,59.3,60.4,11.4,10.7,29.8,31.1,15,16,4,3.1,4,2.2,64.2,58.8,4,2.4
0.0940,0.0248,612.6,13.77,6.17,1105.9,1725.8,2656.7,3936.7,0.042,0.011,4,3.4,65.9,62.7,47.7,44.7,65,61.7,131.6,128.8,65.9,63.3,32.7,29.8,93.7,89.3,59.3,60.3,11.4,10.7,29.7,31.1,15,15.9,4,3.1,4,2.2,64.2,58.8,4,2.4
0.0970,0.0264,629,13.76,6.17,1105.9,1725.7,2656.7,3936.7,0.045,0.012,4,3.4,65.9,62.7,47.7,44.7,64.9,61.6,131.6,128.8,65.9,63.3,32.7,29.8,93.6,89.3,59.2,60.3,11.4,10.7,29.7,31.1,15,15.9,4,3.1,4,2.2,64.1,58.8,4,2.4
0.1000,0.0280,645.7,13.77,6.17,1105.9,1725.5,2656.7,3936.7,0.048,0.013,4,3.4,65.9,62.7,47.7,44.7,64.9,61.6,131.6,128.8,65.9,63.3,32.7,29.8,93.6,89.2,59.2,60.2,11.4,10.7,29.7,31.1,15,15.9,4,3.1,4,2.2,64.1,58.7,4,2.4
0.1020,0.0291,662.5,13.76,6.17,1105.9,1725.3,2656.7,3936.7,0.052,0.014,4,3.4,65.9,62.7,47.7,44.7,64.9,61.5,131.6,128.8,65.9,63.3,32.7,29.8,93.5,89.2,59.1,60.2,11.4,10.7,29.7,31.1,14.9,15.9,4,3.1,4,2.2,64,58.7,4,2.4
0.1050,0.0308,679,13.77,6.17,1105.9,1725.2,2656.7,3936.7,0.055,0.015,4,3.4,65.9,62.7,47.7,44.7,64.8,61.5,131.6,128.8,65.9,63.3,32.7,29.8,93.4,89.1,59.1,60.1,11.4,10.7,29.7,31,14.9,15.9,4,3.1,4,2.2,64,58.6,4,2.4
0.1070,0.0319,695.6,13.76,6.17,1105.9,1725,2656.7,3936.7,0.059,0.016,4,3.4,65.9,62.7,47.7,44.7,64.8,61.4,131.6,128.8,65.9,63.3,32.7,29.8,93.4,89,59,60.1,11.4,10.7,29.6,31,14.9,15.9,4,3.1,4,2.2,64,58.6,4,2.4
0.1100,0.0336,712.4,13.75,6.17,1105.9,1724.8,2656.7,3936.7,0.062,0.017,4,3.4,65.9,62.7,47.7,44.7,64.7,61.4,131.6,128.8,65.9,63.3,32.7,29.8,93.3,89,59,60.1,11.4,10.7,29.6,31,14.9,15.9,4,3.1,4,2.2,63.9,58.6,4,2.4
0.1130,0.0354,729,13.75,6.17,1105.9,1724.7,2656.7,3936.7,0.062,0.018,4,3.4,65.9,62.7,47.7,44.7,64.7,61.4,131.6,128.8,65.9,63.3,32.7,29.8,93.3,89,59,60.1,11.4,10.7,29.6,31,14.9,15.9,4,3.1,4,2.2,63.9,58.6,4,2.4
0.1150,0.0366,745.7,13.74,6.17,1105.9,1724.5,2656.7,3936.7,0.062,0.019,4,3.4,65.9,62.7,47.7,44.7,64.7,61.4,131.6,128.8,65.9,63.3,32.7,29.8,93.3,89,59,60.1,11.4,10.7,29.6,31,14.9,15.9,4,3.1,4,2.2,63.9,58.6,4,2.4
0.1180,0.0385,762.4,13.75,6.17,1105.9,1724.3,2656.7,3936.7,0.061,0.02,4,3.4,65.9,62.7,47.7,44.7,64.7,61.4,131.6,128.8,65.9,63.3,32.7,29.8,93.3,89,59,60.1,11.4,10.7,29.6,31,14.9,15.9,4,3.1,4,2.2,63.9,58.6,4,2.4
0.1200,0.0397,779.4,13.74,6.17,1105.9,1724.1,2656.7,3936.7,0.061,0.022,4,3.4,65.9,62.7,47.7,44.7,64.7,61.4,131.6,128.8,65.9,63.3,32.7,29.8,93.3,89,59,60.1,11.4,10.7,29.6,31,14.9,15.9,4,3.1,4,2.2,63.9,58.6,4,2.4
0.1230,0.0417,796.1,13.73,6.17,1105.9,1723.9,2656.7,3936.7,0.061,0.023,4,3.4,65.9,62.7,47.7,44.7,64.7,61.4,131.6,128.8,65.9,63.3,32.7,29.8,93.3,89,59,60.1,11.4,10.7,29.6,31,14.9,15.9,4,3.1,4,2.2,63.9,58.6,4,2.4
0.1260,0.0436,812.6,13.74,6.17,1105.9,1723.7,2656.7,3936.7,0.061,0.024,4,3.4,65.9,62.7,47.7,44.7,64.7,61.5,131.6,128.8,65.9,63.3,32.7,29.8,93.3,89,59,60.1,11.4,10.7,29.6,31,14.9,15.9,4,3.1,4,2.2,63.9,58.6,4,2.4
0.1280,0.0450,829.3,13.73,6.17,1105.9,1723.5,2656.7,3936.7,0.061,0.025,4,3.4,65.9,62.7,47.7,44.7,64.7,61.5,131.6,128.8,65.9,63.3,32.7,29.8,93.3,89,59,60.1,11.4,10.7,29.6,31,14.9,15.9,4,3.1,4,2.2,63.9,58.6,4,2.4
0.1310,0.0470,845.7,13.74,6.17,1105.9,1723.3,2656.7,3936.7,0.061,0.027,4,3.4,65.9,62.7,47.7,44.7,64.7,61.5,131.6,128.8,65.9,63.3,32.7,29.8,93.3,89,59,60.1,11.4,10.7,29.6,31,14.9,15.8,4,3.1,4,2.2,63.9,58.4,4,2.4
0.1330,0.0484,862.4,13.73,6.17,1105.9,1723.1,2656.7,3936.7,0.061,0.028,4,3.4,65.9,62.7,47.7,44.7,64.7,61.5,131.6,128.8,65.9,63.3,32.7,29.8,93.3,89,59,60.1,11.4,10.7,29.6,31,14.9,15.8,4,3.1,4,2.2,63.9,58.7,4,2.4
0.1360,0.0505,879.3,13.72,6.17,1105.9,1722.9,2656.7,3936.7,0.061,0.03,4,3.4,65.9,62.7,47.7,44.7,64.7,61.5,131.6,128.8,65.9,63.3,32.7,29.8,93.3,89,59,60.1,11.4,10.7,29.6,31,14.9,15.8,4,3.1,4,2.2,63.9,58.7,4,2.4
0.1390,0.0526,895.8,13.73,6.17,1105.9,1722.7,2656.7,3936.7,0.061,0.031,4,3.4,65.9,62.7,47.7,44.7,64.7,61.5,131.6,128.8,65.9,63.3,32.7,29.8,93.3,89,59,60.1,11.4,10.7,29.6,31,14.9,15.8,4,3.1,4,2.2,63.9,58.7,4,2.4
0.1410,0.0540,912.5,13.72,6.17,1105.9,1760.9,2656.7,3936.7,0.061,0.033,4,3.4,65.9,62.7,47.7,44.7,64.7,61.5,131.6,128.8,65.9,63.3,32.7,29.8,93.3,89.1,59,60.1,11.4,10.7,29.6,31,14.9,15.8,4,3.1,4,2.2,63.9,58.7,4,2.4
0.1440,0.0562,929.2,13.71,6.17,1105.9,1789.6,2656.7,3936.7,0.061,0.034,4,3.4,65.9,62.7,47.7,44.7,64.7,61.5,131.6,128.8,65.9,63.3,32.7,29.8,93.3,89.1,59,60.1,11.4,10.7,29.6,31,14.9,15.8,4,3.1,4,2.2,63.9,58.7,4,2.4
0.1460,0.0577,945.7,13.7,6.17,1105.9,1811,2656.7,3936.7,0.061,0.036,4,3.4,65.9,62.7,47.7,44.7,64.7,61.5,131.6,128.8,65.9,63.3,32.7,29.8,93.3,89.1,59,60.1,11.4,10.7,29.6,31,14.9,15.8,4,3.1,4,2.2,63.9,58.7,4,2.4
0.1490,0.0600,962.4,13.71,6.17,1105.9,1827,2656.7,3936.7,0.061,0.038,4,3.4,65.9,62.7,47.7,44.7,64.7,61.5,131.6,128.8,65.9,63.3,32.7,29.8,93.3,89.1,59,60.1,11.4,10.7,29.6,31,14.9,15.8,4,3.1,4,2.2,63.9,58.7,4,2.4
0.1520,0.0623,979.2,13.69,6.17,1105.9,1838.9,2656.7,3936.7,0.061,0.039,4,3.4,65.9,62.7,47.7,44.7,64.7,61.5,131.6,128.8,65.9,63.3,32.7,29.8,93.3,89.1,59,60.1,11.4,10.7,29.6,30.9,14.9,15.8,4,3.1,4,2.2,63.9,58.6,4,2.4
0.1540,0.0638,996.3,13.69,6.17,1105.9,1847.7,2656.7,3936.7,0.061,0.041,4,3.4,65.9,62.7,47.7,44.7,64.7,61.5,131.6,128.8,65.9,63.3,32.7,29.8,93.3,89.1,59.1,59.5,11.4,10.7,29.6,30.9,14.9,15.8,4,3.1,4,2.2,63.9,58.6,4,2.4
0.1570,0.0662,1012.4,13.68,6.17,1105.9,1854.3,2656.7,3936.7,0.061,0.043,4,3.4,65.9,62.7,47.7,44.7,64.7,61.6,131.6,128.8,65.9,63.3,32.7,29.8,93.3,89.1,59.1,60,11.4,10.7,29.6,30.9,14.9,15.8,4,3.1,4,2.2,63.9,58.6,4,2.4
0.1590,0.0678,1029.2,13.68,6.17,1105.9,1859.1,2656.7,3936.7,0.061,0.045,4,3.4,65.9,62.7,47.7,44.7,64.7,61.6,131.6,128.8,65.9,63.3,32.7,29.8,93.3,89.1,59.1,60.1,11.4,10.7,29.6,30.9,14.9,15.8,4,3.1,4,2.2,63.9,58.6,4,2.4
0.1620,0.0702,1046.1,13.67,6.17,1105.9,1862.7,2656.7,3936.7,0.061,0.047,4,3.4,65.9,62.7,47.7,44.7,64.7,61.6,131.6,128.8,65.9,63.3,32.7,29.8,93.3,89.1,59.1,60.1,11.4,10.7,29.6,30.9,14.9,15.8,4,3.1,4,2.2,63.9,58.6,4,2.4
0.1650,0.0727,1062.5,13.66,6.17,1105.9,1865.3,2656.7,3936.7,0.061,0.049,4,3.4,65.9,62.7,47.7,44.7,64.7,61.6,131.6,128.8,65.9,63.3,32.7,29.8,93.3,89.1,59.1,60.1,11.4,10.7,29.6,30.9,14.9,15.8,4,3.1,4,2.2,63.8,58.6,4,2.4
0.1670,0.0744,1079.5,13.66,6.17,1105.9,1867.1,2656.7,3936.7,0.061,0.051,4,3.4,65.9,62.7,47.7,44.7,64.7,61.6,131.6,128.8,65.9,63.3,32.7,29.8,93.3,89.1,59.1,60.1,11.4,10.7,29.6,30.9,14.9,15.8,4,3.1,4,2.2,63.8,58.6,4,2.4
0.1700,0.0769,1096.5,13.66,6.17,1105.9,1868.4,2656.7,3936.7,0.063,0.053,4,3.4,65.9,62.7,47.7,44.7,64.7,61.6,131.6,128.8,65.9,63.3,32.7,29.8,93.3,89.1,59.1,60.1,11.4,10.7,29.6,30.9,14.9,15.8,4,3.1,4,2.2,63.8,58.6,4,2.4
0.1730,0.0794,1113,13.65,6.17,1105.9,1869.3,2656.7,3936.7,0.065,0.055,4,3.4,65.9,62.7,47.7,44.7,64.7,61.6,131.6,128.8,65.9,63.3,32.7,29.8,93.2,89.1,59,60.1,11.4,10.7,29.6,30.9,14.9,15.8,4,3.1,4,2.2,63.8,58.6,4,2.4
0.1750,0.0812,1129.5,13.64,6.17,1105.9,1869.9,2656.7,3936.7,0.067,0.057,4,3.4,65.9,62.7,47.7,44.7,64.6,61.5,131.6,128.8,65.9,63.3,32.7,29.8,93.2,89.1,59,60,11.4,10.7,29.6,30.9,14.9,15.8,4,3.1,4,2.2,63.8,58.6,4,2.4
0.1780,0.0838,1146.1,13.63,6.17,1105.9,1870.3,2656.7,3936.7,0.07,0.059,4,3.4,65.9,62.7,47.7,44.7,64.6,61.5,131.6,128.8,65.9,63.3,32.7,29.8,93.1,89.1,59,60,11.4,10.7,29.6,30.9,14.9,15.7,4,3.1,4,2.2,63.7,58.5,4,2.4
0.1800,0.0855,1162.7,13.62,6.17,1105.9,1870.4,2656.7,3936.7,0.072,0.062,4,3.4,65.9,62.7,47.7,44.7,64.6,61.5,131.6,128.8,65.9,63.3,32.7,29.8,93.1,89,58.9,60,11.4,10.7,29.6,30.8,14.9,15.7,4,3.1,4,2.2,63.7,58.5,4,2.4
0.1830,0.0882,1179.8,13.61,6.17,1105.9,1870.5,2656.7,3936.7,0.075,0.064,3.9,3.4,65.9,62.7,47.7,44.7,64.5,61.4,131.6,128.8,65.9,63.3,32.7,29.8,93,89,58.9,60,11.4,10.7,29.5,30.8,14.9,15.7,3.9,3.1,3.9,2.2,63.7,58.5,3.9,2.4
0.1860,0.0909,1196,13.62,6.17,1105.9,1870.4,2656.7,3936.7,0.078,0.066,3.9,3.4,65.9,62.7,47.7,44.7,64.5,61.4,131.6,128.8,65.9,63.3,32.7,29.8,93,88.9,58.9,59.9,11.4,10.7,29.5,30.8,14.9,15.7,3.9,3.1,3.9,2.2,63.6,58.4,3.9,2.4
0.1880,0.0927,1212.7,13.61,6.17,1105.9,1870.3,2656.7,3936.7,0.08,0.068,3.9,3.4,65.9,62.7,47.7,44.7,64.5,61.4,131.6,128.8,65.9,63.3,32.7,29.8,92.9,88.9,58.8,59.9,11.4,10.7,29.5,30.8,14.8,15.7,3.9,3.1,3.9,2.2,63.6,58.4,3.9,2.4
0.1910,0.0955,1229.3,13.6,6.17,1105.9,1870.1,2656.7,3936.7,0.083,0.071,3.9,3.4,65.9,62.7,47.7,44.7,64.4,61.3,131.6,128.8,65.9,63.3,32.7,29.8,92.9,88.8,58.8,59.9,11.4,10.7,29.5,30.8,14.8,15.7,3.9,3.1,3.9,2.2,63.6,58.4,3.9,2.4
0.1930,0.0974,1246.5,13.59,6.17,1105.9,1869.9,2656.7,3936.7,0.086,0.073,3.9,3.4,65.9,62.7,47.7,44.7,64.4,61.3,131.6,128.8,65.9,63.3,32.7,29.8,92.8,88.8,58.8,59.8,11.4,10.7,29.5,30.8,14.8,15.7,3.9,3.1,3.9,2.2,63.5,58.3,3.9,2.4
0.1960,0.1002,1263.6,13.59,6.17,1105.9,1869.6,2656.7,3936.7,0.089,0.076,3.9,3.4,65.9,62.7,47.7,44.7,64.3,61.3,131.6,128.8,65.9,63.3,32.7,29.8,92.8,88.7,58.7,59.8,11.4,10.7,29.5,30.7,14.8,15.7,3.9,3.1,3.9,2.2,63.5,58.3,3.9,2.4
0.1990,0.1030,1279.7,13.58,6.17,1105.9,1869.3,2656.7,3936.7,0.092,0.079,3.9,3.4,65.9,62.7,47.7,44.7,64.3,61.2,131.6,128.8,65.9,63.3,32.7,29.8,92.7,88.7,58.7,59.7,11.4,10.7,29.4,30.7,14.8,15.7,3.9,3.1,3.9,2.2,63.4,58.3,3.9,2.4
0.2010,0.1050,1296.1,13.57,6.17,1105.9,1869,2656.7,3936.7,0.095,0.081,3.9,3.4,65.9,62.7,47.7,44.7,64.3,61.2,131.6,128.8,65.9,63.3,32.7,29.8,92.7,88.6,58.7,59.7,11.4,10.7,29.4,30.7,14.8,15.6,3.9,3.1,3.9,2.2,63.4,58.2,3.9,2.4
0.2040,0.1079,1312.7,13.56,6.17,1105.9,1868.7,2656.7,3936.7,0.098,0.084,3.9,3.4,65.9,62.7,47.7,44.7,64.2,61.2,131.6,128.8,65.9,63.3,32.7,29.8,92.6,88.6,58.6,59.7,11.4,10.7,29.4,30.7,14.8,15.6,3.9,3.1,3.9,2.2,63.4,58.2,3.9,2.4
0.2060,0.1098,1330.1,13.57,6.17,1105.9,1868.4,2656.7,3936.7,0.101,0.086,3.9,3.4,65.9,62.7,47.7,44.7,64.2,61.1,131.6,128.8,65.9,63.3,32.7,29.8,92.5,88.5,58.6,59.6,11.4,10.7,29.4,30.7,14.8,15.6,3.9,3.1,3.9,2.2,63.3,58.1,3.9,2.4
0.2090,0.1128,1346.6,13.57,6.17,1105.9,1868,2656.7,3936.7,0.105,0.089,3.9,3.4,65.9,62.7,47.7,44.7,64.1,61.1,131.6,128.8,65.9,63.3,32.7,29.8,92.5,88.4,58.5,59.6,11.4,10.7,29.4,30.6,14.8,15.6,3.9,3.1,3.9,2.2,63.3,58.1,3.9,2.4
0.2120,0.1158,1362.8,13.56,6.17,1105.9,1867.6,2656.7,3936.7,0.108,0.092,3.9,3.4,65.9,62.7,47.7,44.7,64.1,61.1,131.6,128.8,65.9,63.3,32.7,29.8,92.4,88.4,58.5,59.5,11.4,10.7,29.3,30.6,14.8,15.6,3.9,3.1,3.9,2.2,63.2,58.1,3.9,2.4
0.2140,0.1178,1379.6,13.56,6.17,1105.9,1867.3,2656.7,3936.7,0.112,0.094,3.9,3.4,65.9,62.7,47.7,44.7,64,61,131.6,128.8,65.9,63.3,32.7,29.8,92.3,88.3,58.5,59.5,11.4,10.7,29.3,30.6,14.7,15.6,3.9,3.1,3.9,2.2,63.2,58,3.9,2.4
0.2170,0.1208,1396.2,13.55,6.17,1105.9,1866.9,2656.7,3936.7,0.115,0.097,3.9,3.4,65.9,62.7,47.7,44.7,64,61,131.6,128.8,65.9,63.3,32.7,29.8,92.3,88.3,58.4,59.5,11.4,10.7,29.3,30.6,14.7,15.6,3.9,3.1,3.9,2.2,63.1,58,3.9,2.4
0.2190,0.1229,1412.9,13.55,6.17,1105.9,1866.5,2656.7,3936.7,0.119,0.1,3.9,3.4,65.9,62.7,47.7,44.7,64,61,131.6,128.8,65.9,63.3,32.7,29.8,92.2,88.2,58.4,59.4,11.4,10.7,29.3,30.5,14.7,15.5,3.9,3.1,3.9,2.2,63.1,57.9,3.9,2.4
0.2220,0.1260,1429.6,13.55,6.17,1105.9,1866.1,2656.7,3936.7,0.123,0.103,3.9,3.4,65.9,62.7,47.7,44.7,63.9,60.9,131.6,128.8,65.9,63.3,32.7,29.8,92.1,88.1,58.3,59.4,11.4,10.7,29.3,30.5,14.7,15.5,3.9,3.1,3.9,2.3,63.1,57.9,3.9,2.4
0.2250,0.1291,1446.3,13.54,6.17,1105.9,1865.8,2656.7,3936.7,0.127,0.106,3.9,3.4,65.9,62.7,47.7,44.7,63.9,60.9,131.6,128.8,65.9,63.3,32.7,29.8,92.1,88.1,58.3,59.3,11.4,10.7,29.2,30.5,14.7,15.5,3.9,3.1,3.9,2.3,63,57.8,3.9,2.4
0.2270,0.1312,1462.8,13.54,6.17,1105.9,1865.4,2656.7,3936.7,0.131,0.109,3.9,3.4,65.9,62.7,47.7,44.7,63.8,60.8,131.6,128.8,65.9,63.3,32.7,29.8,92,88,58.2,59.3,11.4,10.7,29.2,30.4,14.7,15.5,3.9,3.1,3.9,2.3,63,57.8,3.9,2.4
0.2300,0.1344,1480.4,13.54,6.17,1105.9,1865,2656.7,3936.7,0.135,0.112,3.9,3.5,65.9,62.7,47.7,44.7,63.7,60.8,131.6,128.8,65.9,63.3,32.7,29.8,91.9,87.9,58.2,59.2,11.4,10.7,29.2,30.4,14.7,15.5,3.9,3.1,3.9,2.3,62.9,57.7,3.9,2.4
0.2330,0.1376,1496.6,13.55,6.17,1105.9,1864.6,2656.7,3936.7,0.14,0.115,3.9,3.4,65.9,62.7,47.7,44.7,63.7,60.7,131.6,128.8,65.9,63.3,32.7,29.8,91.8,87.9,58.1,59.2,11.4,10.7,29.2,30.4,14.7,15.5,3.9,3.1,3.9,2.3,62.8,57.7,3.9,2.4
0.2350,0.1397,1512.9,13.55,6.17,1105.9,1864.2,2656.7,3936.7,0.144,0.118,3.9,3.4,65.9,62.7,47.7,44.7,63.6,60.7,131.6,128.8,65.9,63.3,32.7,29.8,91.7,87.8,58.1,59.1,11.4,10.7,29.1,30.4,14.7,15.4,3.9,3.1,3.9,2.3,62.8,57.6,3.9,2.4
0.2380,0.1430,1529.6,13.55,6.17,1105.9,1863.8,2656.7,3936.7,0.149,0.121,3.9,3.4,65.9,62.7,47.7,44.7,63.6,60.7,131.6,128.8,65.9,63.3,32.7,29.8,91.7,87.7,58,59.1,11.4,10.7,29.1,30.3,14.6,15.4,3.9,3.1,3.9,2.3,62.7,57.6,3.9,2.4
0.2400,0.1452,1546.4,13.55,6.17,1105.9,1863.4,2656.7,3936.7,0.154,0.124,3.9,3.4,65.9,62.7,47.7,44.7,63.5,60.6,131.6,128.8,65.9,63.3,32.7,29.8,91.6,87.6,58,59,11.4,10.7,29.1,30.3,14.6,15.4,3.9,3.1,3.9,2.3,62.7,57.5,3.9,2.4
0.2430,0.1484,1563.7,13.56,6.17,1105.9,1862.9,2656.7,3936.7,0.159,0.128,3.9,3.4,65.9,62.7,47.7,44.7,63.4,60.6,131.6,128.8,65.9,63.3,32.7,29.8,91.5,87.6,57.9,58.9,11.4,10.7,29,30.3,14.6,15.4,3.9,3.1,3.9,2.3,62.6,57.5,3.9,2.4
0.2460,0.1518,1579.9,13.56,6.17,1105.9,1862.5,2656.7,3936.7,0.164,0.131,3.9,3.4,65.9,62.7,47.7,44.7,63.4,60.5,131.6,128.8,65.9,63.3,32.7,29.8,91.4,87.5,57.8,58.9,11.4,10.7,29,30.2,14.6,15.4,3.9,3.1,3.9,2.3,62.6,57.4,3.9,2.4
0.2480,0.1540,1596.5,13.57,6.17,1105.9,1862.1,2656.7,3936.7,0.169,0.134,3.9,3.4,65.9,62.7,47.7,44.7,63.3,60.5,131.6,128.8,65.9,63.3,32.7,29.8,91.3,87.4,57.8,58.8,11.4,10.7,29,30.2,14.6,15.3,3.9,3.1,3.9,2.3,62.5,57.3,3.9,2.4
0.2510,0.1574,1613.2,13.58,6.17,1105.9,1861.7,2656.7,3936.7,0.174,0.138,3.9,3.4,65.9,62.7,47.7,44.7,63.3,60.4,131.6,128.8,65.9,63.3,32.7,29.8,91.2,87.3,57.7,58.7,11.4,10.7,28.9,30.1,14.6,15.3,3.9,3.1,3.9,2.3,62.4,57.3,3.9,2.4
0.2530,0.1596,1630.2,13.59,6.17,1105.9,1861.3,2656.7,3936.7,0.18,0.141,3.9,3.4,65.9,62.7,47.7,44.7,63.2,60.4,131.6,128.8,65.9,63.3,32.7,29.8,91.1,87.2,57.6,58.7,11.4,10.7,28.9,30.1,14.6,15.3,3.9,3.1,3.9,2.3,62.4,57.2,3.9,2.4
0.2560,0.1631,1646.5,13.6,6.17,1105.9,1860.8,2656.7,3936.7,0.186,0.144,3.9,3.4,65.9,62.7,47.7,44.7,63.1,60,131.6,128.8,65.9,63.3,32.7,29.8,91,87.1,57.6,58.6,11.4,10.7,28.9,30.1,14.5,15.3,3.9,3.1,3.9,2.3,62.3,57.2,3.9,2.4
0.2590,0.1665,1663.2,13.61,6.17,1105.9,1860.4,2656.7,3936.7,0.191,0.148,3.9,3.4,65.9,62.7,47.7,44.7,63,60.3,131.6,128.8,65.9,63.3,32.7,29.8,90.9,87.1,57.5,58.5,11.4,10.7,28.8,29.6,14.5,15.3,3.9,3.1,3.9,2.3,62.2,57.1,3.9,2.4
0.2610,0.1688,1680,13.62,6.17,1105.9,1860,2656.7,3936.7,0.197,0.151,3.9,3.4,65.9,62.7,47.7,44.7,63,60.5,131.6,128.8,65.9,63.3,32.7,29.8,90.8,87,57.4,58.5,11.4,10.7,28.8,29.9,14.5,15.2,3.9,3.1,3.9,2.3,62.2,57,3.9,2.4
0.2640,0.1723,1696.5,13.63,6.17,1105.9,1859.5,2656.7,3936.7,0.203,0.155,3.9,3.4,65.9,62.7,47.7,44.7,62.9,60.4,131.6,128.8,65.9,63.3,32.7,29.8,90.7,86.9,57.4,58.4,11.4,10.7,28.8,29.9,14.5,15.2,3.9,3.1,3.9,2.3,62.1,57,3.9,2.4
0.2660,0.1746,1713.6,13.65,6.17,1105.9,1859.1,2656.7,3936.7,0.209,0.158,3.9,3.4,65.9,62.7,47.7,44.7,62.8,60.4,131.6,128.8,65.9,63.3,32.7,29.8,90.6,86.8,57.3,58.3,11.4,10.7,28.7,29.8,14.5,15.2,3.9,3.1,3.9,2.3,62,56.9,3.9,2.4
0.2690,0.1782,1729.8,13.67,6.17,1105.9,1858.7,2656.7,3936.7,0.216,0.162,3.9,3.4,65.9,62.7,47.7,44.7,62.7,60.3,131.6,128.8,65.9,63.3,32.7,29.8,90.4,86.7,57.2,58.2,11.4,10.7,28.7,29.8,14.4,15.2,3.9,3.1,3.9,2.3,61.9,56.8,3.9,2.4
0.2720,0.1817,1746.6,13.68,6.17,1105.9,1858.2,2656.7,3936.7,0.222,0.165,3.9,3.4,65.9,62.7,47.7,44.7,62.7,60.3,131.6,128.8,65.9,63.3,32.7,29.8,90.3,86.6,57.1,58.2,11.4,10.7,28.7,29.8,14.4,15.1,3.9,3.1,3.9,2.3,61.9,56.7,3.9,2.4
0.2740,0.1841,1763.3,13.7,6.17,1105.9,1857.8,2656.7,3936.7,0.229,0.169,3.9,3.4,65.9,62.7,47.7,44.7,62.6,60.2,131.6,128.8,65.9,63.3,32.7,29.8,90.2,86.5,57,58.1,11.4,10.7,28.6,29.7,14.4,15.1,3.9,3.1,3.9,2.3,61.8,56.7,3.9,2.4
0.2770,0.1877,1779.8,13.72,6.17,1105.9,1857.3,2656.7,3936.7,0.236,0.172,3.9,3.4,65.9,62.7,47.7,44.7,62.5,60.2,131.6,128.8,65.9,63.3,32.7,29.8,90.1,86.4,57,58,11.4,10.7,28.6,29.7,14.4,15.1,3.9,3.1,3.9,2.3,61.7,56.6,3.9,2.5
0.2790,0.1901,1796.6,13.74,6.17,1105.9,1856.9,2656.7,3936.7,0.243,0.176,3.9,3.4,65.9,62.7,47.7,44.7,62.4,60.1,131.6,128.8,65.9,63.3,32.7,29.8,90,86.3,56.9,57.9,11.4,10.7,28.5,29.6,14.4,15,3.9,3.1,3.9,2.3,61.6,56.5,3.9,2.5
0.2820,0.1937,1813.8,13.77,6.17,1105.9,1856.4,2656.7,3936.7,0.25,0.18,3.9,3.4,65.9,62.7,47.7,44.7,62.3,60.1,131.6,128.8,65.9,63.3,32.7,29.8,89.8,86.2,56.8,57.8,11.4,10.7,28.5,29.6,14.3,15,3.9,3.1,3.9,2.3,61.5,56.4,3.9,2.5
0.2850,0.1974,1829.9,13.79,6.17,1105.9,1856,2656.7,3936.7,0.257,0.183,3.9,3.4,65.9,62.7,47.7,44.7,62.2,60,131.6,128.8,65.9,63.3,32.7,29.8,89.7,86.1,56.7,57.7,11.4,10.7,28.5,29.5,14.3,15,3.9,3.1,3.9,2.3,61.4,56.3,3.9,2.5
0.2870,0.1998,1846.7,13.81,6.17,1105.9,1855.5,2656.7,3936.7,0.264,0.187,3.9,3.4,65.9,62.7,47.7,44.7,62.1,60,131.6,128.8,65.9,63.3,32.7,29.8,89.6,86,56.6,57.7,11.4,10.7,28.4,29.5,14.3,15,3.9,3.1,3.9,2.3,61.4,56.3,3.9,2.5
0.2900,0.2035,1863.9,13.84,6.17,1105.9,1855.1,2656.7,3936.7,0.272,0.191,3.8,3.4,65.9,62.7,47.7,44.7,62,59.9,131.6,128.8,65.9,63.3,32.7,29.8,89.4,85.9,56.5,57.4,11.4,10.7,28.4,29.4,14.3,14.9,3.8,3.1,3.8,2.3,61.3,56.2,3.8,2.5
0.2930,0.2072,1880.3,13.81,6.17,1105.9,1854.6,2656.7,3936.7,0.275,0.195,3.8,3.4,65.9,62.7,47.7,44.7,62,59.9,131.6,128.8,65.9,63.3,32.7,29.8,89.4,85.8,56.5,57.6,11.4,10.7,28.3,29.4,14.3,14.9,3.8,3.1,3.8,2.3,61.2,56.1,3.8,2.5
0.2950,0.2097,1896.7,13.79,6.17,1105.9,1854.2,2656.7,3936.7,0.278,0.198,3.8,3.4,65.9,62.7,47.7,44.7,62,59.9,131.6,128.8,65.9,63.3,32.7,29.8,89.3,85.8,56.5,57.5,11.4,10.7,28.3,29.4,14.3,14.9,3.8,3.1,3.8,2.3,61.2,56.1,3.8,2.5
0.2980,0.2135,1913.3,13.78,6.17,1105.9,1853.7,2656.7,3936.7,0.281,0.202,3.8,3.4,65.9,62.7,47.7,44.7,61.9,59.8,131.6,128.8,65.9,63.3,32.7,29.8,89.3,85.7,56.4,57.5,11.4,10.7,28.3,29.4,14.3,14.9,3.8,3.1,3.8,2.3,61.2,56.1,3.8,2.5
0.3000,0.2160,1930,13.76,6.17,1105.9,1853.2,2656.7,3936.7,0.283,0.206,3.8,3.4,65.9,62.7,47.7,44.7,61.9,59.8,131.6,128.8,65.9,63.3,32.7,29.8,89.2,85.7,56.4,57.4,11.4,10.7,28.3,29.3,14.3,14.9,3.8,3.1,3.8,2.3,61.1,56,3.8,2.5
0.3030,0.2198,1946.9,13.74,6.17,1105.9,1852.8,2656.7,3936.7,0.286,0.209,3.8,3.4,65.9,62.7,47.7,44.7,61.9,59.8,131.6,128.8,65.9,63.3,32.7,29.8,89.2,85.6,56.4,57.4,11.4,10.7,28.3,29.3,14.2,14.9,3.8,3.1,3.8,2.3,61.1,56,3.8,2.5
0.3050,0.2223,1963.5,13.73,6.17,1105.9,1852.3,2656.7,3936.7,0.288,0.213,3.8,3.4,65.9,62.7,47.7,44.7,61.8,59.7,131.6,128.8,65.9,63.3,32.7,29.8,89.1,85.6,56.4,57.4,11.4,10.7,28.3,29.3,14.2,14.9,3.8,3.1,3.8,2.3,61.1,56,3.8,2.5
0.3080,0.2262,1980.1,13.71,6.17,1105.9,1851.8,2656.7,3936.7,0.291,0.217,3.8,3.4,65.9,62.7,47.7,44.7,61.8,59.7,131.6,128.8,65.9,63.3,32.7,29.8,89.1,85.6,56.3,57.3,11.4,10.7,28.3,29.3,14.2,14.9,3.8,3.1,3.8,2.3,61,55.9,3.8,2.5
0.3110,0.2300,1996.6,13.69,6.17,1105.9,1851.4,2656.7,3936.7,0.293,0.221,3.8,3.4,65.9,62.7,47.7,44.7,61.8,59.6,131.6,128.8,65.9,63.3,32.7,29.8,89.1,85.5,56.3,57.3,11.4,10.7,28.3,29.3,14.2,14.8,3.8,3.1,3.8,2.3,61,55.9,3.8,2.5
0.3130,0.2326,2013.3,13.67,6.17,1105.9,1850.9,2656.7,3936.7,0.296,0.225,3.8,3.4,65.9,62.7,47.7,44.7,61.7,59.6,131.6,128.8,65.9,63.3,32.7,29.8,89,85.5,56.3,57.3,11.4,10.7,28.2,29.3,14.2,14.8,3.8,3.1,3.8,2.3,61,55.9,3.8,2.5
0.3160,0.2365,2030.2,13.65,6.17,1105.9,1850.4,2656.7,3936.7,0.298,0.228,3.8,3.4,65.9,62.7,47.7,44.7,61.7,59.6,131.6,128.8,65.9,63.3,32.7,29.8,89,85.4,56.3,57.3,11.4,10.7,28.2,29.3,14.2,14.8,3.8,3.1,3.8,2.3,60.9,55.9,3.8,2.5
0.3180,0.2391,2046.8,13.64,6.17,1105.9,1850,2656.7,3936.7,0.3,0.232,3.8,3.4,65.9,62.7,47.7,44.7,61.7,59.5,131.6,128.8,65.9,63.3,32.7,29.8,88.9,85.4,56.2,57.3,11.4,10.7,28.2,29.3,14.2,14.8,3.8,3.1,3.8,2.3,60.9,55.8,3.8,2.5
0.3210,0.2430,2063.8,13.6,6.17,1105.9,1849.5,2656.7,3936.7,0.303,0.236,3.8,3.4,65.9,62.7,47.7,44.7,61.7,59.5,131.6,128.8,65.9,63.3,32.7,29.8,88.9,85.3,56.2,57.2,11.4,10.7,28.2,29.2,14.2,14.8,3.8,3.1,3.8,2.3,60.9,55.8,3.8,2.5
0.3240,0.2469,2080.1,13.58,6.17,1105.9,1849,2656.7,3936.7,0.305,0.24,3.8,3.4,65.9,62.7,47.7,44.7,61.6,59.5,131.6,128.8,65.9,63.3,32.7,29.8,88.9,85.4,56.2,57.2,11.4,10.7,28.2,29.2,14.2,14.8,3.8,3.1,3.8,2.3,60.9,55.8,3.8,2.5
0.3260,0.2495,2096.7,13.56,6.17,1105.9,1848.5,2656.7,3936.7,0.307,0.244,3.8,3.4,65.9,62.7,47.7,44.7,61.6,59.4,131.6,128.8,65.9,63.3,32.7,29.8,88.8,85.4,56.2,57.2,11.4,10.7,28.2,29.2,14.2,14.8,3.8,3.1,3.8,2.3,60.8,55.8,3.8,2.5
0.3290,0.2535,2113.8,13.54,6.17,1105.9,1848,2656.7,3936.7,0.309,0.247,3.8,3.4,65.9,62.7,47.7,44.7,61.6,59.4,131.6,128.8,65.9,63.3,32.7,29.8,88.8,85.3,56.2,57.2,11.4,10.7,28.2,29.2,14.2,14.8,3.8,3.1,3.8,2.3,60.8,55.7,3.8,2.5
0.3310,0.2562,2130.4,13.52,6.17,1105.9,1847.6,2656.7,3936.7,0.312,0.251,3.8,3.4,65.9,62.7,47.7,44.7,61.6,59.4,131.6,128.8,65.9,63.3,32.7,29.8,88.8,85.3,56.1,57.2,11.4,10.7,28.2,29.2,14.2,14.8,3.8,3.1,3.8,2.3,60.8,55.7,3.8,2.5
0.3340,0.2601,2146.8,13.5,6.17,1105.9,1847.1,2656.7,3936.7,0.314,0.255,3.8,3.4,65.9,62.7,47.7,44.7,61.5,59.4,131.6,128.8,65.9,63.3,32.7,29.8,88.7,85.3,56.1,57.1,11.4,10.7,28.2,29.2,14.2,14.8,3.8,3.1,3.8,2.3,60.8,55.7,3.8,2.5
0.3370,0.2642,2163.4,13.48,6.17,1105.9,1846.6,2656.7,3936.7,0.316,0.259,3.8,3.4,65.9,62.7,47.7,44.7,61.5,59.3,131.6,128.8,65.9,63.3,32.7,29.8,88.7,85.2,56.1,57.1,11.4,10.7,28.1,29.2,14.2,14.8,3.8,3.1,3.8,2.3,60.7,55.7,3.8,2.5
0.3390,0.2668,2180.4,13.46,6.17,1105.9,1846.1,2656.7,3936.7,0.318,0.263,3.8,3.4,65.9,62.7,47.7,44.7,61.5,59.3,131.6,128.8,65.9,63.3,32.7,29.8,88.7,85.2,56.1,57.1,11.4,10.7,28.1,29.4,14.2,14.8,3.8,3.1,3.8,2.3,60.7,55.6,3.8,2.5
0.3420,0.2709,2196.9,13.44,6.17,1105.9,1845.6,2656.7,3936.7,0.32,0.267,3.8,3.4,65.9,62.7,47.7,44.7,61.5,59.3,131.6,128.8,65.9,63.3,32.7,29.8,88.6,85.1,56.1,57.1,11.4,10.7,28.1,29.4,14.2,14.7,3.8,3.1,3.8,2.3,60.7,55.6,3.8,2.5
0.3440,0.2736,2213.7,13.4,6.17,1105.9,1845.1,2656.7,3936.7,0.322,0.271,3.8,3.4,65.9,62.7,47.7,44.7,61.4,59.2,131.6,128.8,65.9,63.3,32.7,29.8,88.6,85.1,56.1,57.1,11.4,10.7,28.1,29.4,14.1,14.7,3.8,3.1,3.8,2.3,60.7,55.6,3.8,2.5
0.3470,0.2777,2230.5,13.38,6.17,1105.9,1844.6,2656.7,3936.7,0.324,0.274,3.8,3.4,65.9,62.7,47.7,44.7,61.4,59.2,131.6,128.8,65.9,63.3,32.7,29.8,88.6,85.1,56,57.1,11.4,10.7,28.1,29.4,14.1,14.7,3.8,3.1,3.8,2.3,60.6,55.6,3.8,2.5
0.3500,0.2817,2246.9,13.36,6.17,1105.9,1844.1,2656.7,3936.7,0.326,0.278,3.8,3.4,65.9,62.7,47.7,44.7,61.4,58.6,131.6,128.8,65.9,63.3,32.7,29.8,88.5,85,56,57,11.4,10.7,28.1,29.4,14.1,14.7,3.8,3.1,3.8,2.3,60.6,55.5,3.8,2.5
0.3520,0.2845,2263.9,13.34,6.17,1105.9,1843.6,2656.7,3936.7,0.33,0.282,3.8,3.4,65.9,62.7,47.7,44.7,61.4,58.9,131.6,128.8,65.9,63.3,32.7,29.8,88.5,85,56,57,11.4,10.7,28.1,29.4,14.1,14.7,3.8,3.1,3.8,2.3,60.6,55.5,3.8,2.5
0.3550,0.2886,2280.4,13.32,6.17,1105.9,1843.1,2656.7,3936.7,0.334,0.286,3.8,3.4,65.9,62.7,47.7,44.7,61.3,59,131.6,128.8,65.9,63.3,32.7,29.8,88.4,84.9,55.9,56.9,11.4,10.7,28.1,29.4,14.1,14.7,3.8,3.1,3.8,2.3,60.5,55.5,3.8,2.5
0.3580,0.2927,2297.1,13.31,6.17,1105.9,1842.6,2656.7,3936.7,0.338,0.29,3.8,3.4,65.9,62.7,47.7,44.7,61.3,59,131.6,128.8,65.9,63.3,32.7,29.8,88.3,84.8,55.9,56.9,11.4,10.7,28,29.3,14.1,14.3,3.8,3.1,3.8,2.3,60.5,55.4,3.8,2.5
0.3600,0.2955,2313.6,13.29,6.17,1105.9,1842.2,2656.7,3936.7,0.342,0.294,3.8,3.4,65.9,62.7,47.7,44.7,61.2,58.9,131.6,128.8,65.9,63.3,32.7,29.8,88.3,84.7,55.8,56.9,11.4,10.7,28,29.3,14.1,14.6,3.8,3.1,3.8,2.3,60.4,55.4,3.8,2.5
0.3630,0.2996,2330.6,13.27,6.17,1105.9,1841.7,2656.7,3936.7,0.346,0.298,3.8,3.4,65.9,62.7,47.7,44.7,61.2,58.9,131.6,128.8,65.9,63.3,32.7,29.8,88.2,84.6,55.8,56.8,11.4,10.7,28,29.3,14.1,14.6,3.8,3.1,3.8,2.3,60.4,55.3,3.8,2.5
0.3650,0.3024,2347,13.24,6.17,1105.9,1841.2,2656.7,3936.7,0.35,0.301,3.8,3.4,65.9,62.7,47.7,44.7,61.1,58.8,131.6,128.8,65.9,63.3,32.7,29.8,88.1,84.6,55.8,56.8,11.4,10.7,28,29.3,14.1,14.6,3.8,3.1,3.8,2.3,60.3,55.3,3.8,2.5
0.3680,0.3066,2363.8,13.22,6.17,1105.9,1840.7,2656.7,3936.7,0.354,0.305,3.8,3.4,65.9,62.7,47.7,44.7,61.1,58.8,131.6,128.8,65.9,63.3,32.7,29.8,88,84.5,55.7,56.7,11.4,10.7,27.9,29.3,14.1,14.6,3.8,3.1,3.8,2.3,60.3,55.2,3.8,2.5
0.3710,0.3108,2380.4,13.21,6.17,1105.9,1840.2,2656.7,3936.7,0.359,0.309,3.8,3.4,65.9,62.7,47.7,44.7,61,58.7,131.6,128.8,65.9,63.3,32.7,29.8,88,84.4,55.7,56.7,11.4,10.7,27.9,29.2,14,14.6,3.8,3.1,3.8,2.3,60.2,55.2,3.8,2.5
0.3730,0.3136,2396.9,13.19,6.17,1105.9,1839.7,2656.7,3936.7,0.363,0.313,3.8,3.4,65.9,62.7,47.7,44.7,61,58.7,131.6,128.8,65.9,63.3,32.7,29.8,87.9,84.3,55.6,56.6,11.4,10.7,27.9,29.2,14,14.6,3.8,3.1,3.8,2.3,60.2,55.1,3.8,2.5
0.3760,0.3178,2414.6,13.18,6.17,1105.9,1839.2,2656.7,3936.7,0.367,0.317,3.8,3.4,65.9,62.7,47.7,44.7,60.9,58.6,131.6,128.8,65.9,63.3,32.7,29.8,87.8,84.2,55.6,56.6,11.4,10.7,27.9,29.2,14,14.6,3.8,3.1,3.8,2.3,60.1,55.1,3.8,2.5
0.3790,0.3220,2430.5,13.16,6.17,1105.9,1838.6,2656.7,3936.7,0.372,0.321,3.8,3.4,65.9,62.7,47.7,44.7,60.9,58.5,131.6,128.8,65.9,63.3,32.7,29.8,87.7,84.2,55.5,56.5,11.4,10.7,27.8,29.2,14,14.6,3.8,3.1,3.8,2.3,60.1,55,3.8,2.5
0.3810,0.3249,2447.4,13.15,6.17,1105.9,1838.1,2656.7,3936.7,0.376,0.325,3.8,3.4,65.9,62.7,47.7,44.7,60.8,58.5,131.6,128.8,65.9,63.3,32.7,29.8,87.7,84.1,55.5,56.5,11.4,10.7,27.8,29.1,14,14.6,3.8,3.1,3.8,2.3,60,55,3.8,2.5
0.3840,0.3291,2463.7,13.12,6.17,1105.9,1837.6,2656.7,3936.7,0.381,0.328,3.8,3.4,65.9,62.7,47.7,44.7,60.7,58.4,131.6,128.8,65.9,63.3,32.7,29.8,87.6,84,55.4,56.4,11.4,10.7,27.8,29.1,14,14.5,3.8,3.1,3.8,2.3,60,54.9,3.8,2.5
0.3860,0.3320,2480.6,13.11,6.17,1105.9,1837.1,2656.7,3936.7,0.386,0.332,3.8,3.4,65.9,62.7,47.7,44.7,60.7,58.4,131.6,128.8,65.9,63.3,32.7,29.8,87.5,83.9,55.4,56.4,11.4,10.7,27.8,29.1,14,14.5,3.8,3.1,3.8,2.3,59.9,54.9,3.8,2.5
0.3890,0.3362,2497.2,13.1,6.17,1105.9,1836.6,2656.7,3936.7,0.39,0.336,3.7,3.4,65.9,62.7,47.7,44.7,60.6,58.3,131.6,128.8,65.9,63.3,32.7,29.8,87.4,83.8,55.3,56.3,11.4,10.7,27.7,29,14,14.5,3.7,3.1,3.7,2.3,59.8,54.8,3.7,2.5
0.3910,0.3391,2513.9,13.09,6.17,1105.9,1836.1,2656.7,3936.7,0.395,0.34,3.7,3.4,65.9,62.7,47.7,44.7,60.6,58.3,131.6,128.8,65.9,63.3,32.7,29.8,87.3,83.8,55.3,56.3,11.4,10.7,27.7,29,13.9,14.5,3.7,3.1,3.7,2.3,59.8,54.8,3.7,2.5
0.3940,0.3434,2530.7,13.08,6.17,1105.9,1835.6,2656.7,3936.7,0.4,0.344,3.7,3.4,65.9,62.7,47.7,44.7,60.5,58.2,131.6,128.8,65.9,63.3,32.7,29.8,87.3,83.7,55.2,56.2,11.4,10.7,27.7,29,13.9,14.5,3.7,3.1,3.7,2.3,59.7,54.7,3.7,2.5
0.3970,0.3477,2547.3,13.08,6.17,1105.9,1835.1,2656.7,3936.7,0.405,0.347,3.7,3.4,65.9,62.7,47.7,44.7,60.5,58.2,131.6,128.8,65.9,63.3,32.7,29.8,87.2,83.6,55.1,56.1,11.4,10.7,27.7,29,13.9,14.5,3.7,3.1,3.7,2.3,59.7,54.7,3.7,2.5
0.3990,0.3506,2564.3,13.07,6.17,1105.9,1834.6,2656.7,3936.7,0.41,0.351,3.7,3.4,65.9,62.7,47.7,44.7,60.4,58.1,131.6,128.8,65.9,63.3,32.7,29.8,87.1,83.5,55.1,56.1,11.4,10.7,27.6,28.9,13.9,14.4,3.7,3.1,3.7,2.3,59.6,54.6,3.7,2.5
0.4020,0.3549,2580.7,13.07,6.17,1105.9,1834.1,2656.7,3936.7,0.415,0.355,3.7,3.4,65.9,62.7,47.7,44.7,60.3,58,131.6,128.8,65.9,63.3,32.7,29.8,87,83.4,55,56,11.4,10.7,27.6,28.9,13.9,14.4,3.7,3.1,3.7,2.3,59.6,54.6,3.7,2.5
0.4040,0.3578,2597.3,13.04,6.17,1105.9,1833.6,2656.7,3936.7,0.42,0.359,3.7,3.4,65.9,62.7,47.7,44.7,60.3,58,131.6,128.8,65.9,63.3,32.7,29.8,86.9,83.3,55,56,11.4,10.7,27.6,28.9,13.9,14.4,3.7,3.1,3.7,2.3,59.5,54.5,3.7,2.5
0.4070,0.3621,2613.8,13.04,6.17,1105.9,1833.1,2656.7,3936.7,0.426,0.363,3.7,3.4,65.9,62.7,47.7,44.7,60.2,57.9,131.6,128.8,65.9,63.3,32.7,29.8,86.8,83.2,54.9,55.9,11.4,10.7,27.5,28.8,13.9,14.4,3.7,3.1,3.7,2.3,59.4,53.1,3.7,2.5
0.4100,0.3665,2630.6,13.04,6.17,1105.9,1832.6,2656.7,3936.7,0.431,0.367,3.7,3.4,65.9,62.7,47.7,44.7,60.1,57.9,131.6,128.8,65.9,63.3,32.7,29.8,86.7,83.2,54.8,55.8,11.4,10.7,27.5,28.8,13.8,14.4,3.7,3.1,3.7,2.3,59.4,53,3.7,2.5
0.4120,0.3694,2647.3,13.04,6.17,1105.9,1832.1,2656.7,3936.7,0.437,0.371,3.7,3.4,65.9,62.7,47.7,44.7,60.1,57.8,131.6,128.8,65.9,63.3,32.7,29.8,86.6,83.1,54.8,55.8,11.4,10.7,27.5,28.8,13.8,14.4,3.7,3.1,3.7,2.3,59.3,53,3.7,2.5
0.4150,0.3737,2664.2,13.04,6.17,1105.9,1831.6,2656.7,3936.7,0.442,0.374,3.7,3.4,65.9,62.7,47.7,44.7,60,57.8,131.6,128.8,65.9,63.3,32.7,29.8,86.5,83,54.7,55.7,11.4,10.7,27.4,28.7,13.8,14.3,3.7,3.1,3.7,2.3,59.3,52.9,3.7,2.5
0.4170,0.3766,2680.8,13.04,6.17,1105.9,1831,2656.7,3936.7,0.448,0.378,3.7,3.4,65.9,62.7,47.7,44.7,59.9,57.7,131.6,128.8,65.9,63.3,32.7,29.8,86.4,82.9,54.7,55.7,11.4,10.7,27.4,28.7,13.8,14.3,3.7,3.1,3.7,2.3,59.2,52.9,3.7,2.5
0.4200,0.3810,2697.2,13.05,6.17,1105.9,1830.5,2656.7,3936.7,0.454,0.382,3.7,3.4,65.9,62.7,47.7,44.7,59.9,57.7,131.6,128.8,65.9,63.3,32.7,29.8,86.3,82.8,54.6,55.6,11.4,10.7,27.4,28.6,13.8,14.3,3.7,3.1,3.7,2.3,59.1,52.8,3.7,2.5
0.4230,0.3854,2714.2,13.05,6.17,1105.9,1830,2656.7,3936.7,0.46,0.386,3.7,3.4,65.9,62.7,47.7,44.7,59.8,57.6,131.6,128.8,65.9,63.3,32.7,29.8,86.2,82.7,54.5,55.5,11.4,10.7,27.4,28.6,13.8,14.3,3.7,3.1,3.7,2.3,59.1,52.7,3.7,2.5
0.4250,0.3883,2730.8,13.04,6.17,1105.9,1829.5,2656.7,3936.7,0.466,0.39,3.7,3.4,65.9,62.7,47.7,44.7,59.7,57.6,131.6,128.8,65.9,63.3,32.7,29.8,86.1,82.6,54.4,55.4,11.4,10.7,27.3,28.6,13.7,14.2,3.7,3.1,3.7,2.3,59,52.7,3.7,2.5
0.4280,0.3927,2747.2,13.05,6.17,1105.9,1829,2656.7,3936.7,0.472,0.394,3.7,3.4,65.9,62.7,47.7,44.7,59.7,57.5,131.6,128.8,65.9,63.3,32.7,29.8,86,82.5,54.4,55.4,11.4,10.7,27.3,28.5,13.7,14.2,3.7,3.1,3.7,2.3,58.9,52.6,3.7,2.5
0.4300,0.3957,2764,13.05,6.17,1105.9,1828.5,2656.7,3936.7,0.478,0.397,3.7,3.4,65.9,62.7,47.7,44.7,59.6,57.5,131.6,128.8,65.9,63.3,32.7,29.8,85.9,82.4,54.3,55.3,11.4,10.7,27.2,28.5,13.7,14.2,3.7,3.1,3.7,2.3,58.8,52.5,3.7,2.5
0.4330,0.4001,2782,13.06,6.17,1105.9,1828,2656.7,3936.7,0.484,0.401,3.7,3.4,65.9,62.7,47.7,44.7,59.5,57.4,131.6,128.8,65.9,63.3,32.7,29.8,85.8,82.3,54.2,55.2,11.4,10.7,27.2,28.4,13.7,14.2,3.7,3.1,3.7,2.3,58.8,52.5,3.7,2.5
0.4360,0.4045,2797.7,13.08,6.17,1105.9,1827.5,2656.7,3936.7,0.491,0.405,3.7,3.4,65.9,62.7,47.7,44.7,59.4,56.7,131.6,128.8,65.9,63.3,32.7,29.8,85.7,82.2,54.1,55.1,11.4,10.7,27.2,27.8,13.7,14.1,3.7,3.1,3.7,2.3,58.7,52.4,3.7,2.5
0.4380,0.4075,2814.1,13.09,6.17,1105.9,1826.9,2656.7,3936.7,0.497,0.409,3.7,3.4,65.9,62.7,47.7,44.7,59.3,57,131.6,128.8,65.9,63.3,32.7,29.8,85.6,82.2,54.1,55.1,11.4,10.7,27.1,28.2,13.7,14.1,3.7,3.1,3.7,2.3,58.6,52.3,3.7,2.5
0.4410,0.4119,2830.9,13.1,6.17,1105.9,1826.4,2656.7,3936.7,0.504,0.413,3.7,3.4,65.9,62.7,47.7,44.7,59.3,57.2,131.6,128.8,65.9,63.3,32.7,29.8,85.4,82.1,54,55,11.4,10.7,27.1,28.3,13.6,14.1,3.7,3.1,3.7,2.3,58.5,52.3,3.7,2.5
0.4440,0.4164,2847.5,13.12,6.17,1105.9,1825.9,2656.7,3936.7,0.511,0.417,3.7,3.4,65.9,62.7,47.7,44.7,59.2,57.2,131.6,128.8,65.9,63.3,32.7,29.8,85.3,82,53.9,54.9,11.4,10.7,27.1,28.2,13.6,14.1,3.7,3.1,3.7,2.3,58.5,52.2,3.7,2.5
0.4460,0.4193,2864.1,13.11,6.17,1105.9,1825.4,2656.7,3936.7,0.518,0.421,3.7,3.4,65.9,62.7,47.7,44.7,59.1,57.1,131.6,128.8,65.9,63.3,32.7,29.8,85.2,81.9,53.8,54.8,11.4,10.7,27,28.2,13.6,14,3.7,3.1,3.7,2.3,58.4,52.1,3.7,2.5
0.4490,0.4238,2880.9,13.13,6.17,1105.9,1824.9,2656.7,3936.7,0.524,0.424,3.7,3.4,65.9,62.7,47.7,44.7,59,57.1,131.6,128.8,65.9,63.3,32.7,29.8,85.1,81.6,53.8,54.8,11.4,10.7,27,28.1,13.6,14,3.7,3.1,3.7,2.3,58.3,52.1,3.7,2.5
0.4510,0.4267,2898,13.1,6.17,1105.9,1824.4,2656.7,3936.7,0.527,0.428,3.7,3.4,65.9,62.7,47.7,44.7,59,57,131.6,128.8,65.9,63.3,32.7,29.8,85.1,81.7,53.7,54.7,11.4,10.7,27,28.1,13.6,14,3.7,3.1,3.7,2.3,58.3,52,3.7,2.5
0.4540,0.4312,2914.5,13.08,6.17,1105.9,1823.9,2656.7,3936.7,0.529,0.432,3.7,3.4,65.9,62.7,47.7,44.7,59,57,131.6,128.8,65.9,63.3,32.7,29.8,85,81.7,53.7,54.7,11.4,10.7,27,28.1,13.6,14,3.7,3.1,3.7,2.3,58.2,52,3.7,2.5
0.4570,0.4357,2930.9,13.06,6.17,1105.9,1823.4,2656.7,3936.7,0.532,0.436,3.7,3.4,65.9,62.7,47.7,44.7,58.9,57,131.6,128.8,65.9,63.3,32.7,29.8,85,81.6,53.7,54.7,11.4,10.7,26.9,28.1,13.6,14,3.7,3.1,3.7,2.3,58.2,52,3.7,2.5
0.4590,0.4386,2947.7,13.04,6.17,1105.9,1822.8,2656.7,3936.7,0.534,0.44,3.7,3.4,65.9,62.7,47.7,44.7,58.9,56.9,131.6,128.8,65.9,63.3,32.7,29.8,84.9,81.6,53.7,54.7,11.4,10.7,26.9,28.1,13.6,14,3.7,3.1,3.7,2.3,58.2,52,3.7,2.5
0.4620,0.4431,2964.1,13.02,6.17,1105.9,1822.3,2656.7,3936.7,0.537,0.444,3.7,3.4,65.9,62.7,47.7,44.7,58.9,56.9,131.6,128.8,65.9,63.3,32.7,29.8,84.9,81.5,53.6,54.6,11.4,10.7,26.9,28.1,13.6,14,3.7,3.1,3.7,2.3,58.2,51.9,3.7,2.5
0.4640,0.4461,2981.1,13,6.17,1105.9,1821.8,2656.7,3936.7,0.539,0.447,3.7,3.4,65.9,62.7,47.7,44.7,58.9,56.9,131.6,128.8,65.9,63.3,32.7,29.8,84.8,81.5,53.6,54.6,11.4,10.7,26.9,28,13.5,14,3.7,3.1,3.7,2.3,58.1,51.9,3.7,2.5
0.4670,0.4506,2997.6,12.98,6.17,1105.9,1821.3,2656.7,3936.7,0.541,0.451,3.7,3.4,65.9,62.7,47.7,44.7,58.8,56.8,131.6,128.8,65.9,63.3,32.7,29.8,84.8,81.4,53.6,54.6,11.4,10.7,26.9,28,13.5,14,3.7,3.1,3.7,2.3,58.1,51.9,3.7,2.5
0.4700,0.4551,3014.5,12.94,6.17,1105.9,1820.8,2656.7,3936.7,0.544,0.455,3.7,3.4,65.9,62.7,47.7,44.7,58.8,56.8,131.6,128.8,65.9,63.3,32.7,29.8,84.8,81.4,53.6,54.6,11.4,10.7,26.9,28,13.5,13.9,3.7,3.1,3.7,2.4,58.1,51.9,3.7,2.5
0.4720,0.4580,3030.8,12.92,6.17,1105.9,1820.3,2656.7,3936.7,0.546,0.459,3.7,3.4,65.9,62.7,47.7,44.7,58.8,56.8,131.6,128.8,65.9,63.3,32.7,29.8,84.7,81.4,53.6,54.5,11.4,10.7,26.9,28,13.5,13.9,3.7,3.1,3.7,2.4,58,51.8,3.7,2.5
0.4750,0.4625,3047.6,12.9,6.17,1105.9,1819.8,2656.7,3936.7,0.549,0.463,3.7,3.4,65.9,62.7,47.7,44.7,58.7,56.7,131.6,128.8,65.9,63.3,32.7,29.8,84.7,81.3,53.5,54.5,11.4,10.7,26.9,28,13.5,13.9,3.7,3.1,3.7,2.4,58,51.8,3.7,2.5
0.4770,0.4655,3064.6,12.89,6.17,1105.9,1819.3,2656.7,3936.7,0.551,0.467,3.7,3.4,65.9,62.7,47.7,44.7,58.7,56.7,131.6,128.8,65.9,63.3,32.7,29.8,84.6,81.3,53.5,54.5,11.4,10.7,26.8,28,13.5,13.9,3.7,3.1,3.7,2.4,58,51.8,3.7,2.5
0.4800,0.4700,3081.1,12.87,6.17,1105.9,1818.8,2656.7,3936.7,0.554,0.471,3.6,3.4,65.9,62.7,47.7,44.7,58.7,56.7,131.6,128.8,65.9,63.3,32.7,29.8,84.6,81.2,53.5,54.5,11.4,10.7,26.8,28,13.5,13.9,3.6,3.1,3.6,2.4,58,51.8,3.6,2.5
0.4830,0.4745,3097.6,12.85,6.17,1105.9,1818.3,2656.7,3936.7,0.556,0.474,3.6,3.4,65.9,62.7,47.7,44.7,58.7,56.6,131.6,128.8,65.9,63.3,32.7,29.8,84.6,81.2,53.5,54.5,11.4,10.7,26.8,28,13.5,13.9,3.6,3.1,3.6,2.4,57.9,51.7,3.6,2.5
0.4850,0.4775,3114.6,12.84,6.17,1105.9,1817.8,2656.7,3936.7,0.559,0.478,3.6,3.4,65.9,62.7,47.7,44.7,58.6,56.6,131.6,128.8,65.9,63.3,32.7,29.8,84.5,81.1,53.4,54.4,11.4,10.7,26.8,27.9,13.5,13.9,3.6,3.1,3.6,2.4,57.9,51.7,3.6,2.5
0.4880,0.4820,3131.4,12.82,6.17,1105.9,1817.2,2656.7,3936.7,0.562,0.482,3.6,3.4,65.9,62.7,47.7,44.7,58.6,56.6,131.6,128.8,65.9,63.3,32.7,29.8,84.5,81.1,53.4,54.4,11.4,10.7,26.8,27.9,13.5,13.9,3.6,3.1,3.6,2.4,57.9,51.7,3.6,2.5
0.4910,0.4865,3148.4,12.81,6.17,1105.9,1816.7,2656.7,3936.7,0.564,0.486,3.6,3.4,65.9,62.7,47.7,44.7,58.6,56.6,131.6,128.8,65.9,63.3,32.7,29.8,84.4,81.1,53.4,54.4,11.4,10.7,26.8,27.9,13.5,13.9,3.6,3.1,3.6,2.4,57.8,51.7,3.6,2.5
0.4930,0.4895,3164.6,12.79,6.17,1105.9,1816.2,2656.7,3936.7,0.567,0.49,3.6,3.4,65.9,62.7,47.7,44.7,58.5,56.5,131.6,128.8,65.9,63.3,32.7,29.8,84.4,81,53.4,54.4,11.4,10.7,26.8,27.9,13.5,13.9,3.6,3.1,3.6,2.4,57.8,51.6,3.6,2.5
0.4960,0.4940,3181,12.78,6.17,1105.9,1815.7,2656.7,3936.7,0.57,0.494,3.6,3.4,65.9,62.7,47.7,44.7,58.5,56.5,131.6,128.8,65.9,63.3,32.7,29.8,84.3,81,53.3,54.3,11.4,10.7,26.8,27.9,13.5,13.8,3.6,3.1,3.6,2.4,57.8,51.6,3.6,2.5
0.4980,0.4970,3197.9,12.75,6.17,1105.9,1815.2,2656.7,3936.7,0.572,0.497,3.6,3.4,65.9,62.7,47.7,44.7,58.5,56.5,131.6,128.8,65.9,63.3,32.7,29.8,84.3,80.9,53.3,54.3,11.4,10.7,26.7,27.9,13.5,13.8,3.6,3.1,3.6,2.4,57.7,51.6,3.6,2.5
0.5010,0.5015,3214.6,12.73,6.17,1105.9,1814.7,2656.7,3936.7,0.575,0.501,3.6,3.3,65.9,62.7,47.7,44.7,58.4,56.4,131.6,128.8,65.9,63.3,32.7,29.8,84.3,80.9,53.3,54.3,11.4,10.7,26.7,27.8,13.4,13.8,3.6,3.1,3.6,2.3,57.7,51.5,3.6,2.5
0.5030,0.5045,3231.2,12.72,6.17,1105.9,1814.2,2656.7,3936.7,0.578,0.505,3.6,3.2,65.9,62.7,47.7,44.7,58.4,56.4,131.6,128.8,65.9,63.3,32.7,29.8,84.2,80.8,53.3,54.2,11.4,10.7,26.7,27.8,13.4,13.8,3.6,3.1,3.6,2.3,57.7,51.5,3.6,2.5
0.5060,0.5090,3247.9,12.71,6.17,1105.9,1813.7,2656.7,3936.7,0.581,0.509,3.6,3.2,65.9,62.7,47.7,44.7,58.4,56.4,131.6,128.8,65.9,63.3,32.7,29.8,84.2,80.8,53.2,54.2,11.4,10.7,26.7,27.8,13.4,13.8,3.6,3.1,3.6,2.2,57.6,51.5,3.6,2.5
0.5090,0.5135,3264.6,12.7,6.17,1105.9,1813.2,2656.7,3936.7,0.584,0.513,3.6,3.1,65.9,62.7,47.7,44.7,58.3,56.4,131.6,128.8,65.9,63.3,32.7,29.8,84.1,80.8,53.2,54.2,11.4,10.7,26.7,27.8,13.4,13.8,3.6,3.1,3.6,2.2,57.6,51.5,3.6,2.5
0.5110,0.5165,3281.3,12.7,6.17,1105.9,1812.7,2656.7,3936.7,0.587,0.517,3.6,3.1,65.9,62.7,47.7,44.7,58.3,56.3,131.6,128.8,65.9,63.3,32.7,29.8,84.1,80.7,53.2,54.2,11.4,10.7,26.7,27.8,13.4,13.8,3.6,3.1,3.6,2.2,57.6,51.4,3.6,2.5
0.5140,0.5210,3297.9,12.69,6.17,1105.9,1812.2,2656.7,3936.7,0.591,0.521,3.6,3.1,65.9,62.7,47.7,44.7,58.2,56.3,131.6,128.8,65.9,63.3,32.7,29.8,84,80.6,53.1,54.1,11.4,10.7,26.6,27.7,13.4,13.8,3.6,3.1,3.6,2.2,57.5,51.4,3.6,2.5
0.5170,0.5255,3314.6,12.68,6.17,1105.9,1811.7,2656.7,3936.7,0.596,0.524,3.6,3.1,65.9,62.7,47.7,44.7,58.2,56.2,131.6,128.8,65.9,63.3,32.7,29.8,83.9,80.6,53.1,53.9,11.4,10.7,26.6,27.7,13.4,13.7,3.6,3.1,3.6,2.2,57.5,51.3,3.6,2.5
0.5190,0.5285,3331.1,12.68,6.17,1105.9,1811.2,2656.7,3936.7,0.601,0.528,3.6,3,65.9,62.7,47.7,44.7,58.1,56.2,131.6,128.8,65.9,63.3,32.7,29.8,83.8,80.5,53,53.9,11.4,10.7,26.6,27.7,13.4,13.7,3.6,3.1,3.6,2.2,57.4,51.3,3.6,2.5
0.5220,0.5330,3347.7,12.67,6.17,1105.9,1810.7,2656.7,3936.7,0.606,0.532,3.6,3,65.9,62.7,47.7,44.7,58.1,55.5,131.6,128.8,65.9,63.3,32.7,29.8,83.7,80.4,52.9,54,11.4,10.7,26.6,27.6,13.4,13.7,3.6,3.1,3.6,2.1,57.3,51.2,3.6,2.6
0.5240,0.5360,3364.6,12.67,6.17,1105.9,1810.2,2656.7,3936.7,0.611,0.536,3.6,3,65.9,62.7,47.7,44.7,58,55.8,131.6,128.8,65.9,63.3,32.7,29.8,83.6,80.3,52.9,53.9,11.4,10.7,26.5,27.6,13.3,13.7,3.6,3.1,3.6,2.1,57.3,51.2,3.6,2.6
0.5270,0.5405,3381.8,12.67,6.17,1105.9,1809.7,2656.7,3936.7,0.617,0.54,3.6,3,65.9,62.7,47.7,44.7,57.9,56,131.6,128.8,65.9,63.3,32.7,29.8,83.5,80.2,52.8,53.8,11.4,10.7,26.5,27.6,13.3,13.7,3.6,3.1,3.6,2.1,57.2,51.1,3.6,2.6
0.5300,0.5449,3398.3,12.67,6.17,1105.9,1809.2,2656.7,3936.7,0.622,0.544,3.6,3,65.9,62.7,47.7,44.7,57.9,56,131.6,128.8,65.9,63.3,32.7,29.8,83.5,80.1,52.8,53.8,11.4,10.7,26.5,27.5,13.3,13.6,3.6,3.1,3.6,2.1,57.2,51.1,3.6,2.6
0.5320,0.5479,3414.7,12.67,6.17,1105.9,1808.7,2656.7,3936.7,0.627,0.548,3.6,3,65.9,62.7,47.7,44.7,57.8,55.9,131.6,128.8,65.9,63.3,32.7,29.8,83.4,80.1,52.7,53.7,11.4,10.7,26.4,27.5,13.3,13.6,3.6,3.1,3.6,2.1,57.1,51,3.6,2.6
0.5350,0.5524,3431.2,12.67,6.17,1105.9,1808.2,2656.7,3936.7,0.633,0.551,3.6,3,65.9,62.7,47.7,44.7,57.8,55.9,131.6,128.8,65.9,63.3,32.7,29.8,83.3,80,52.6,53.6,11.4,10.7,26.4,27.5,13.3,13.6,3.6,3.1,3.6,2.1,57,51,3.6,2.6
0.5370,0.5554,3448.1,12.67,6.17,1105.9,1807.7,2656.7,3936.7,0.638,0.555,3.6,3,65.9,62.7,47.7,44.7,57.7,55.8,131.6,128.8,65.9,63.3,32.7,29.8,83.2,79.9,52.6,53.6,11.4,10.7,26.4,27.4,13.3,13.6,3.6,3.1,3.6,2.1,57,50.9,3.6,2.6
0.5400,0.5599,3464.7,12.68,6.17,1105.9,1807.2,2656.7,3936.7,0.644,0.559,3.6,3,65.9,62.7,47.7,44.7,57.6,55.8,131.6,128.8,65.9,63.3,32.7,29.8,83.1,79.8,52.5,53.5,11.4,10.7,26.3,27.4,13.3,13.6,3.6,3.1,3.6,2.1,56.9,50.8,3.6,2.6
0.5430,0.5643,3481.4,12.68,6.17,1105.9,1806.7,2656.7,3936.7,0.65,0.563,3.6,3,65.9,62.7,47.7,44.7,57.5,55.7,131.6,128.8,65.9,63.3,32.7,29.8,83,79.7,52.4,53.4,11.4,10.7,26.3,27.4,13.2,13.9,3.6,3.1,3.6,2.1,56.8,50.8,3.6,2.6
0.5450,0.5673,3497.9,12.69,6.17,1105.9,1806.2,2656.7,3936.7,0.656,0.567,3.6,3,65.9,62.7,47.7,44.7,57.5,55.7,131.6,128.8,65.9,63.3,32.7,29.8,82.9,79.6,52.4,53.4,11.4,10.7,26.3,27.3,13.2,13.9,3.6,3.1,3.6,2.1,56.8,50.7,3.6,2.6
0.5480,0.5718,3514.6,12.7,6.17,1105.9,1805.8,2656.7,3936.7,0.662,0.57,3.6,3,65.9,62.7,47.7,44.7,57.4,55.6,131.6,128.8,65.9,63.3,32.7,29.8,82.8,79.6,52.3,53.3,11.4,10.7,26.2,27.3,13.2,13.8,3.6,3.1,3.6,2.1,56.7,50.6,3.6,2.6
0.5500,0.5748,3531.5,12.7,6.17,1105.9,1805.3,2656.7,3936.7,0.668,0.574,3.6,3,65.9,62.7,47.7,44.7,57.3,55.6,131.6,128.8,65.9,63.3,32.7,29.8,82.7,79.5,52.2,53.2,11.4,10.7,26.2,27.2,13.2,13.8,3.6,3.1,3.6,2.1,56.6,50.6,3.6,2.6
0.5530,0.5792,3547.9,12.72,6.17,1105.9,1804.8,2656.7,3936.7,0.674,0.578,3.6,3,65.9,62.7,47.7,44.7,57.3,55.5,131.6,128.8,65.9,63.3,32.7,29.8,82.5,79.4,52.2,53.1,11.4,10.7,26.2,27.2,13.2,13.8,3.6,3.1,3.6,2.1,56.6,50.5,3.6,2.6
0.5560,0.5836,3564.8,12.73,6.17,1105.9,1804.3,2656.7,3936.7,0.68,0.582,3.6,3,65.9,62.7,47.7,44.7,57.2,55.5,131.6,128.8,65.9,63.3,32.7,29.8,82.4,79.3,52.1,53.1,11.4,10.7,26.1,27.1,13.2,13.8,3.6,3.1,3.6,2.1,56.5,50.5,3.6,2.6
0.5580,0.5866,3581.5,12.74,6.17,1105.9,1803.8,2656.7,3936.7,0.687,0.586,3.6,3,65.9,62.7,47.7,44.7,57.1,55.4,131.6,128.8,65.9,63.3,32.7,29.8,82.3,79.2,52,53,11.4,10.7,26.1,27.1,13.1,13.7,3.6,3.1,3.6,2.1,56.4,50.4,3.6,2.6
0.5610,0.5910,3600.5,12.75,6.17,1105.9,1803.3,2656.7,3936.7,0.693,0.59,3.6,3,65.9,62.7,47.7,44.7,57,55.4,131.6,128.8,65.9,63.3,32.7,29.8,82.2,79.1,51.9,52.9,11.4,10.7,26.1,27,13.1,13.7,3.6,3.1,3.6,2.2,56.3,50.3,3.6,2.6
0.5640,0.5955,3614.8,12.72,6.17,1105.9,1802.8,2656.7,3936.7,0.697,0.594,3.6,3,65.9,62.7,47.7,44.7,57,55.3,131.6,128.8,65.9,63.3,32.7,29.8,82.1,79,51.9,52.9,11.4,10.7,26,27,13.1,13.7,3.6,3.1,3.6,2.2,56.3,50.3,3.6,2.6
0.5660,0.5984,3631.6,12.72,6.17,1105.9,1802.4,2656.7,3936.7,0.699,0.597,3.6,3,65.9,62.7,47.7,44.7,57,55.3,131.6,128.8,65.9,63.3,32.7,29.8,82.1,79,51.9,52.9,11.4,10.7,26,27,13.1,13.7,3.6,3.1,3.6,2.2,56.3,50.3,3.6,2.6
0.5690,0.6028,3648.5,12.69,6.17,1105.9,1801.9,2656.7,3936.7,0.701,0.601,3.6,3,65.9,62.7,47.7,44.7,56.9,55.3,131.6,128.8,65.9,63.3,32.7,29.8,82.1,79,51.9,52.8,11.4,10.7,26,27,13.1,13.7,3.6,3.1,3.6,2.2,56.2,50.2,3.6,2.6
0.5710,0.6058,3664.8,12.67,6.17,1105.9,1801.4,2656.7,3936.7,0.703,0.605,3.6,3,65.9,62.7,47.7,44.7,56.9,55.2,131.6,128.8,65.9,63.3,32.7,29.8,82,78.9,51.8,52.8,11.4,10.7,26,27,13.1,13.7,3.6,3.1,3.6,2.2,56.2,50.2,3.6,2.6
0.5740,0.6102,3681.6,12.65,6.17,1105.9,1800.9,2656.7,3936.7,0.706,0.609,3.5,3,65.9,62.7,47.7,44.7,56.9,55.2,131.6,128.8,65.9,63.3,32.7,29.8,82,78.9,51.8,52.8,11.4,10.7,26,27,13.1,13.7,3.5,3.1,3.5,2.2,56.2,50.2,3.5,2.6
0.5760,0.6131,3698.4,12.63,6.17,1105.9,1800.4,2656.7,3936.7,0.708,0.613,3.5,3,65.9,62.7,47.7,44.7,56.9,55.2,131.6,128.8,65.9,63.3,32.7,29.8,82,78.5,51.8,52.8,11.4,10.7,26,27,13.1,13.7,3.5,3.1,3.5,2.2,56.2,50.2,3.5,2.6
0.5790,0.6175,3715,12.61,6.17,1105.9,1800,2656.7,3936.7,0.71,0.617,3.5,3,65.9,62.7,47.7,44.7,56.8,55.1,131.6,128.8,65.9,63.3,32.7,29.8,81.9,78.7,51.8,52.8,11.4,10.7,26,27,13.1,13.7,3.5,3.1,3.5,2.2,56.1,50.1,3.5,2.6
0.5820,0.6219,3731.8,12.58,6.17,1105.9,1799.5,2656.7,3936.7,0.712,0.621,3.5,3,65.9,62.7,47.7,44.7,56.8,55.1,131.6,128.8,65.9,63.3,32.7,29.8,81.9,78.7,51.8,52.7,11.4,10.7,26,26.9,13.1,13.7,3.5,3.1,3.5,2.2,56.1,50.1,3.5,2.6
0.5840,0.6248,3748.9,12.56,6.17,1105.9,1799,2656.7,3936.7,0.714,0.624,3.5,3,65.9,62.7,47.7,44.7,56.8,55.1,131.6,128.8,65.9,63.3,32.7,29.8,81.9,78.7,51.7,52.7,11.4,10.7,26,26.9,13.1,13.6,3.5,3.1,3.5,2.2,56.1,50.1,3.5,2.6
0.5870,0.6292,3764.8,12.54,6.17,1105.9,1798.6,2656.7,3936.7,0.716,0.628,3.5,3,65.9,62.7,47.7,44.7,56.8,55,131.6,128.8,65.9,63.3,32.7,29.8,81.8,78.6,51.7,52.7,11.4,10.7,25.9,26.9,13.1,13.6,3.5,3.1,3.5,2.2,56.1,50.1,3.5,2.6
0.5890,0.6321,3781.6,12.52,6.17,1105.9,1798.1,2656.7,3936.7,0.718,0.632,3.5,3,65.9,62.7,47.7,44.7,56.7,55,131.6,128.8,65.9,63.3,32.7,29.8,81.8,78.6,51.7,52.7,11.4,10.7,25.9,26.9,13.1,13.6,3.5,3.1,3.5,2.2,56,50.1,3.5,2.6
0.5920,0.6364,3798.3,12.5,6.17,1105.9,1797.6,2656.7,3936.7,0.72,0.636,3.5,3,65.9,62.7,47.7,44.7,56.7,55,131.6,128.8,65.9,63.3,32.7,29.8,81.8,78.5,51.7,52.7,11.4,10.7,25.9,26.9,13.1,13.6,3.5,3.1,3.5,2.2,56,50,3.5,2.6
0.5950,0.6408,3815.2,12.47,6.17,1105.9,1797.2,2656.7,3936.7,0.722,0.64,3.5,3,65.9,62.7,47.7,44.7,56.7,55,131.6,128.8,65.9,63.3,32.7,29.8,81.7,78.5,51.7,52.7,11.4,10.7,25.9,26.9,13,13.6,3.5,3.1,3.5,2.2,56,50,3.5,2.6
0.5970,0.6437,3831.6,12.45,6.17,1105.9,1796.7,2656.7,3936.7,0.724,0.644,3.5,3,65.9,62.7,47.7,44.7,56.7,54.9,131.6,128.8,65.9,63.3,32.7,29.8,81.7,78.5,51.7,52.6,11.4,10.7,25.9,26.9,13,13.6,3.5,3.1,3.5,2.2,56,50,3.5,2.6
0.6000,0.6480,3848.4,12.43,6.17,1105.9,1796.2,2656.7,3936.7,0.726,0.647,3.5,3,65.9,62.7,47.7,44.7,56.7,54.9,131.6,128.8,65.9,63.3,32.7,29.8,81.7,78.4,51.6,52.6,11.4,10.7,25.9,26.9,13,13.6,3.5,3.1,3.5,2.2,55.9,50,3.5,2.6
0.6030,0.6523,3865.2,12.41,6.17,1105.9,1795.8,2656.7,3936.7,0.728,0.651,3.5,3,65.9,62.7,47.7,44.7,56.6,54.9,131.6,128.8,65.9,63.3,32.7,29.8,81.7,78.4,51.6,52.6,11.4,10.7,25.9,26.9,13,13.6,3.5,3.1,3.5,2.2,55.9,50,3.5,2.6
0.6050,0.6552,3881.5,12.39,6.17,1105.9,1795.3,2656.7,3936.7,0.729,0.655,3.5,3,65.9,62.7,47.7,44.7,56.6,54.8,131.6,128.8,65.9,63.3,32.7,29.8,81.6,78.4,51.6,52.6,11.4,10.7,25.9,26.9,13,13.6,3.5,3.1,3.5,2.2,55.9,50,3.5,2.6
0.6080,0.6595,3898.3,12.36,6.17,1105.9,1794.9,2656.7,3936.7,0.731,0.659,3.5,3,65.9,62.7,47.7,44.7,56.6,54.8,131.6,128.8,65.9,63.3,32.7,29.8,81.6,78.3,51.6,52.6,11.4,10.7,25.9,26.9,13,13.6,3.5,3.1,3.5,2.2,55.9,49.9,3.5,2.6
0.6100,0.6623,3915.1,12.34,6.17,1105.9,1794.4,2656.7,3936.7,0.733,0.663,3.5,3,65.9,62.7,47.7,44.7,56.6,54.8,131.6,128.8,65.9,63.3,32.7,29.8,81.6,78.3,51.6,52.6,11.4,10.7,25.9,26.8,13,13.6,3.5,3.1,3.5,2.2,55.9,49.9,3.5,2.6
0.6130,0.6666,3931.9,12.32,6.17,1105.9,1793.9,2656.7,3936.7,0.734,0.667,3.5,3,65.9,62.7,47.7,44.7,56.6,54.8,131.6,128.8,65.9,63.3,32.7,29.8,81.5,78.3,51.6,52.6,11.4,10.7,25.9,26.8,13,13.6,3.5,3.1,3.5,2.2,55.8,49.9,3.5,2.6
0.6160,0.6709,3948.4,12.3,6.17,1105.9,1793.5,2656.7,3936.7,0.736,0.67,3.5,3,65.9,62.7,47.7,44.7,56.5,54.1,131.6,128.8,65.9,63.3,32.7,29.8,81.5,78.2,51.6,52.5,11.4,10.7,25.9,26.8,13,13.6,3.5,3.1,3.5,2.2,55.8,49.9,3.5,2.6
0.6180,0.6737,3965.2,12.3,6.17,1105.9,1793,2656.7,3936.7,0.738,0.674,3.5,3,65.9,62.7,47.7,44.7,56.5,54.4,131.6,128.8,65.9,63.3,32.7,29.8,81.5,78.2,51.5,52.5,11.4,10.7,25.9,26.8,13,13.6,3.5,3.1,3.5,2.2,55.8,49.9,3.5,2.6
0.6210,0.6780,3981.8,12.28,6.17,1105.9,1792.6,2656.7,3936.7,0.739,0.678,3.5,3,65.9,62.7,47.7,44.7,56.5,54.7,131.6,128.8,65.9,63.3,32.7,29.8,81.5,78.2,51.5,52.5,11.4,10.7,25.8,26.8,13,13.6,3.5,3.1,3.5,2.2,55.8,49.9,3.5,2.6
0.6230,0.6808,3998.6,12.25,6.17,1105.9,1792.1,2656.7,3936.7,0.742,0.682,3.5,3,65.9,62.7,47.7,44.7,56.5,54.6,131.6,128.8,65.9,63.3,32.7,29.8,81.4,78.1,51.5,52.5,11.4,10.7,25.8,26.8,13,13.5,3.5,3.1,3.5,2.2,55.7,49.8,3.5,2.6
0.6260,0.6850,4015.1,12.23,6.17,1105.9,1791.7,2656.7,3936.7,0.746,0.686,3.5,3,65.9,62.7,47.7,44.7,56.4,54.6,131.6,128.8,65.9,63.3,32.7,29.8,81.4,78.1,51.5,52.4,11.4,10.7,25.8,26.8,13,13.5,3.5,3.1,3.5,2.2,55.7,49.8,3.5,2.6
0.6290,0.6892,4031.7,12.21,6.17,1105.9,1791.2,2656.7,3936.7,0.749,0.69,3.5,3,65.9,62.7,47.7,44.7,56.4,54.5,131.6,128.8,65.9,63.3,32.7,29.8,81.3,78,51.4,52.4,11.4,10.7,25.8,26.8,13,13.5,3.5,3.1,3.5,2.2,55.7,49.8,3.5,2.6
0.6310,0.6920,4048.6,12.19,6.17,1105.9,1790.8,2656.7,3936.7,0.752,0.693,3.5,3,65.9,62.7,47.7,44.7,56.4,54.5,131.6,128.8,65.9,63.3,32.7,29.8,81.3,77.9,51.4,52.4,11.4,10.7,25.8,26.8,13,13.5,3.5,3.1,3.5,2.2,55.6,49.7,3.5,2.6
0.6340,0.6962,4065.2,12.17,6.17,1105.9,1790.4,2656.7,3936.7,0.755,0.697,3.5,3,65.9,62.7,47.7,44.7,56.3,54.4,131.6,128.8,65.9,63.3,32.7,29.8,81.2,77.9,51.4,52.3,11.4,10.7,25.8,26.7,13,13.5,3.5,3.1,3.5,2.2,55.6,49.7,3.5,2.6
0.6360,0.6990,4081.9,12.14,6.17,1105.9,1789.9,2656.7,3936.7,0.759,0.701,3.5,3,65.9,62.7,47.7,44.7,56.3,54.4,131.6,128.8,65.9,63.3,32.7,29.8,81.1,77.8,51.3,52.3,11.4,10.7,25.7,26.7,12.9,13.5,3.5,3.1,3.5,2.2,55.6,49.7,3.5,2.6
0.6390,0.7031,4099,12.12,6.17,1105.9,1789.5,2656.7,3936.7,0.762,0.705,3.5,3,65.9,62.7,47.7,44.7,56.2,54.3,131.6,128.8,65.9,63.3,32.7,29.8,81.1,77.7,51.3,52.3,11.4,10.7,25.7,26.7,12.9,13.5,3.5,3.1,3.5,2.2,55.5,49.6,3.5,2.6
0.6420,0.7073,4115.2,12.12,6.17,1105.9,1789,2656.7,3936.7,0.765,0.709,3.5,3,65.9,62.7,47.7,44.7,56.2,54.3,131.6,128.8,65.9,63.3,32.7,29.8,81,77.7,51.3,52.2,11.4,10.7,25.7,26.7,12.9,13.5,3.5,3.1,3.5,2.2,55.5,49.6,3.5,2.6
0.6440,0.7100,4131.7,12.1,6.17,1105.9,1788.6,2656.7,3936.7,0.768,0.713,3.5,3,65.9,62.7,47.7,44.7,56.2,54.3,131.6,128.8,65.9,63.3,32.7,29.8,81,77.6,51.2,52.2,11.4,10.7,25.7,26.7,12.9,13.5,3.5,3.1,3.5,2.2,55.4,49.6,3.5,2.6
0.6470,0.7141,4148.6,12.08,6.17,1105.9,1788.2,2656.7,3936.7,0.772,0.717,3.5,3,65.9,62.7,47.7,44.7,56.1,54.2,131.6,128.8,65.9,63.3,32.7,29.8,80.9,77.5,51.2,52.2,11.4,10.7,25.7,26.7,12.9,13.5,3.5,3.1,3.5,2.2,55.4,49.5,3.5,2.6
0.6490,0.7169,4165.8,12.06,6.17,1105.9,1787.7,2656.7,3936.7,0.775,0.72,3.5,3,65.9,62.7,47.7,44.7,56.1,54.2,131.6,128.8,65.9,63.3,32.7,29.8,80.9,77.5,51.1,52.1,11.4,10.7,25.7,26.6,12.9,13.4,3.5,3.1,3.5,2.2,55.4,49.5,3.5,2.6
0.6520,0.7210,4182.1,12.03,6.17,1105.9,1787.3,2656.7,3936.7,0.778,0.724,3.5,3,65.9,62.7,47.7,44.7,56,54.1,131.6,128.8,65.9,63.3,32.7,29.8,80.8,77.4,51.1,52.1,11.4,10.7,25.6,26.6,12.9,13.4,3.5,3.1,3.5,2.2,55.3,49.5,3.5,2.6
0.6550,0.7251,4198.6,12.01,6.17,1105.9,1786.9,2656.7,3936.7,0.782,0.728,3.5,3,65.9,62.7,47.7,44.7,56,54.1,131.6,128.8,65.9,63.3,32.7,29.8,80.7,77.3,51.1,52.1,11.4,10.7,25.6,26.6,12.9,13.4,3.5,3.1,3.5,2.2,55.3,49.4,3.5,2.6
0.6570,0.7278,4215.1,11.99,6.17,1105.9,1786.5,2656.7,3936.7,0.785,0.732,3.5,3,65.9,62.7,47.7,44.7,56,54,131.6,128.8,65.9,63.3,32.7,29.8,80.7,77.3,51,52,11.4,10.7,25.6,26.6,12.9,13.4,3.5,3.1,3.5,2.2,55.2,49.4,3.5,2.6
0.6600,0.7318,4232.5,11.99,6.17,1105.9,1786,2656.7,3936.7,0.788,0.736,3.5,3,65.9,62.7,47.7,44.7,55.9,54,131.6,128.8,65.9,63.3,32.7,29.8,80.6,77.2,51,52,11.4,10.7,25.6,26.6,12.9,13.4,3.5,3.1,3.5,2.2,55.2,49.4,3.5,2.6
0.6630,0.7358,4248.9,11.97,6.17,1105.9,1785.6,2656.7,3936.7,0.791,0.74,3.5,3,65.9,62.7,47.7,44.7,55.9,53.9,131.6,128.8,65.9,63.3,32.7,29.8,80.6,77.2,51,51.9,11.4,10.7,25.6,26.6,12.9,13.4,3.5,3.1,3.5,2.2,55.2,49.3,3.5,2.6
0.6650,0.7385,4265.5,11.95,6.17,1105.9,1785.2,2656.7,3936.7,0.794,0.744,3.5,3,65.9,62.7,47.7,44.7,55.9,53.9,131.6,128.8,65.9,63.3,32.7,29.8,80.5,77.1,50.9,51.9,11.4,10.7,25.5,26.5,12.8,13.4,3.5,3.1,3.5,2.2,55.1,49.3,3.5,2.6
0.6680,0.7425,4282.1,11.92,6.17,1105.9,1784.8,2656.7,3936.7,0.798,0.747,3.5,3,65.9,62.7,47.7,44.7,55.8,53.8,131.6,128.8,65.9,63.3,32.7,29.8,80.5,77,50.9,51.9,11.4,10.7,25.5,26.5,12.8,13.4,3.5,3.1,3.5,2.2,55.1,49.3,3.5,2.6
0.6700,0.7452,4300.2,11.9,6.17,1105.9,1784.4,2656.7,3936.7,0.801,0.751,3.5,3,65.9,62.7,47.7,44.7,55.8,53.8,131.6,128.8,65.9,63.3,32.7,29.8,80.4,77,50.9,51.8,11.4,10.7,25.5,26.5,12.8,13.4,3.5,3.1,3.5,2.2,55.1,49.2,3.5,2.6
0.6730,0.7491,4315.5,11.88,6.17,1105.9,1783.9,2656.7,3936.7,0.804,0.755,3.5,3,65.9,62.7,47.7,44.7,55.7,53.7,131.6,128.8,65.9,63.3,32.7,29.8,80.4,76.9,50.8,51.8,11.4,10.7,25.5,26.5,12.8,13.4,3.5,3.1,3.5,2.2,55,49.2,3.5,2.6
0.6760,0.7531,4332.4,11.88,6.17,1105.9,1783.5,2656.7,3936.7,0.807,0.759,3.5,3,65.9,62.7,47.7,44.7,55.7,53.7,131.6,128.8,65.9,63.3,32.7,29.8,80.3,76.9,50.8,51.8,11.4,10.7,25.5,26.5,12.8,13.4,3.5,3.1,3.5,2.2,55,49.2,3.5,2.6
0.6780,0.7557,4348.6,11.86,6.17,1105.9,1783.1,2656.7,3936.7,0.81,0.763,3.5,3,65.9,62.7,47.7,44.7,55.7,53.6,131.6,128.8,65.9,63.3,32.7,29.8,80.3,76.8,50.8,51.7,11.4,10.7,25.5,26.4,12.8,13.3,3.5,3.1,3.5,2.2,54.9,49.1,3.5,2.6
0.6810,0.7596,4365.2,11.84,6.17,1105.9,1782.7,2656.7,3936.7,0.814,0.767,3.5,3,65.9,62.7,47.7,44.7,55.6,53.6,131.6,128.8,65.9,63.3,32.7,29.8,80.2,76.7,50.7,51.7,11.4,10.7,25.4,26.4,12.8,13.3,3.5,3.1,3.5,2.2,54.9,49.1,3.5,2.6
0.6830,0.7622,4382.4,11.81,6.17,1105.9,1782.3,2656.7,3936.7,0.817,0.77,3.5,3,65.9,62.7,47.7,44.7,55.6,53.5,131.6,128.8,65.9,63.3,32.7,29.8,80.1,76.7,50.7,51.7,11.4,10.7,25.4,26.4,12.8,13.3,3.5,3.1,3.5,2.2,54.9,49.1,3.5,2.6
0.6860,0.7661,4398.9,11.79,6.17,1105.9,1781.9,2656.7,3936.7,0.82,0.774,3.5,3,65.9,62.7,47.7,44.7,55.5,53.5,131.6,128.8,65.9,63.3,32.7,29.8,80.1,76.6,50.7,51.6,11.4,10.7,25.4,26.4,12.8,13.3,3.5,3.1,3.5,2.2,54.8,49,3.5,2.6
0.6890,0.7700,4415.9,11.79,6.17,1105.9,1781.5,2656.7,3936.7,0.823,0.778,3.5,3,65.9,62.7,47.7,44.7,55.5,53.4,131.6,128.8,65.9,63.3,32.7,29.8,80,76.6,50.6,51.6,11.4,10.7,25.4,26.4,12.8,13.3,3.5,3.1,3.5,2.2,54.8,49,3.5,2.6
0.6910,0.7726,4432.3,11.77,6.17,1105.9,1781.1,2656.7,3936.7,0.826,0.782,3.4,3,65.9,62.7,47.7,44.7,55.5,53.4,131.6,128.8,65.9,63.3,32.7,29.8,80,76.5,50.6,51.6,11.4,10.7,25.4,26.4,12.8,13.3,3.4,3.1,3.4,2.2,54.8,49,3.4,2.6
0.6940,0.7764,4449.2,11.75,6.17,1105.9,1780.7,2656.7,3936.7,0.829,0.786,3.4,3,65.9,62.7,47.7,44.7,55.4,53.3,131.6,128.8,65.9,63.3,32.7,29.8,79.9,76.5,50.6,51.5,11.4,10.7,25.4,26.4,12.8,13.3,3.4,3.1,3.4,2.2,54.7,48.9,3.4,2.6
0.6960,0.7789,4465.6,11.73,6.17,1105.9,1780.3,2656.7,3936.7,0.833,0.79,3.4,3,65.9,62.7,47.7,44.7,55.4,53.3,131.6,128.8,65.9,63.3,32.7,29.8,79.9,76.4,50.5,51.5,11.4,10.7,25.3,26.3,12.7,13.3,3.4,3.1,3.4,2.2,54.7,48.9,3.4,2.6
0.6990,0.7827,4482.4,11.73,6.17,1105.9,1780,2656.7,3936.7,0.836,0.793,3.4,3,65.9,62.7,47.7,44.7,55.4,53.2,131.6,128.8,65.9,63.3,32.7,29.8,79.8,76.3,50.5,51.4,11.4,10.7,25.3,26.3,12.7,13.3,3.4,3.1,3.4,2.2,54.7,48.9,3.4,2.6
0.7020,0.7865,4499.2,11.7,6.17,1105.9,1779.6,2656.7,3936.7,0.839,0.797,3.4,3,65.9,62.7,47.7,44.7,55.3,53.2,131.6,128.8,65.9,63.3,32.7,29.8,79.8,76.3,50.5,51.4,11.4,10.7,25.3,26.3,12.7,13.3,3.4,3.2,3.4,2.2,54.6,48.8,3.4,2.6
0.7040,0.7890,4515.8,11.68,6.17,1105.9,1779.2,2656.7,3936.7,0.842,0.801,3.4,3,65.9,62.7,47.7,44.7,55.3,53.2,131.6,128.8,65.9,63.3,32.7,29.8,79.7,76.2,50.4,51.4,11.4,10.7,25.3,26.3,12.7,13.3,3.4,3.2,3.4,2.2,54.6,48.8,3.4,2.6
0.7070,0.7928,4532.6,11.66,6.17,1105.9,1778.8,2656.7,3936.7,0.845,0.805,3.4,3,65.9,62.7,47.7,44.7,55.3,53.1,131.6,128.8,65.9,63.3,32.7,29.8,79.7,76.2,50.4,51.3,11.4,10.7,25.3,26.3,12.7,13.2,3.4,3.1,3.4,2.2,54.5,48.8,3.4,2.6
0.7100,0.7965,4549,11.66,6.17,1105.9,1778.4,2656.7,3936.7,0.848,0.808,3.4,3,65.9,62.7,47.7,44.7,55.2,53.1,131.6,128.8,65.9,63.3,32.7,29.8,79.6,76.1,50.4,50.7,11.4,10.7,25.3,26.3,12.7,13.2,3.4,3.1,3.4,2.2,54.5,48.7,3.4,2.6
0.7120,0.7989,4565.6,11.64,6.17,1105.9,1778,2656.7,3936.7,0.851,0.812,3.4,3,65.9,62.7,47.7,44.7,55.2,53,131.6,128.8,65.9,63.3,32.7,29.8,79.6,76,50.3,50.9,11.4,10.7,25.2,26.2,12.7,13.2,3.4,3.1,3.4,2.2,54.5,48.7,3.4,2.6
0.7150,0.8026,4582.6,11.62,6.17,1105.9,1777.7,2656.7,3936.7,0.854,0.816,3.4,3,65.9,62.7,47.7,44.7,55.1,53,131.6,128.8,65.9,63.3,32.7,29.8,79.5,76,50.3,51.2,11.4,10.7,25.2,26.2,12.7,13.2,3.4,3.1,3.4,2.2,54.4,48.7,3.4,2.6
0.7170,0.8051,4599.2,11.59,6.17,1105.9,1777.3,2656.7,3936.7,0.857,0.819,3.4,3,65.9,62.7,47.7,44.7,55.1,52.9,131.6,128.8,65.9,63.3,32.7,29.8,79.5,75.9,50.3,51.2,11.4,10.7,25.2,26.2,12.7,13.2,3.4,3.1,3.4,2.2,54.4,48.6,3.4,2.6
0.7200,0.8087,4616.1,11.59,6.17,1105.9,1776.9,2656.7,3936.7,0.86,0.823,3.4,3,65.9,62.7,47.7,44.7,55.1,52.9,131.6,128.8,65.9,63.3,32.7,29.8,79.4,75.9,50.2,51.2,11.4,10.7,25.2,26.2,12.7,13.2,3.4,3.1,3.4,2.2,54.4,48.6,3.4,2.6
0.7230,0.8123,4632.5,11.57,6.17,1105.9,1776.5,2656.7,3936.7,0.863,0.827,3.4,3,65.9,62.7,47.7,44.7,55,52.8,131.6,128.8,65.9,63.3,32.7,29.8,79.4,75.8,50.2,51.1,11.4,10.7,25.2,26.2,12.7,13.2,3.4,3.1,3.4,2.2,54.3,48.6,3.4,2.6
0.7250,0.8147,4649.1,11.55,6.17,1105.9,1776.2,2656.7,3936.7,0.866,0.83,3.4,3,65.9,62.7,47.7,44.7,55,52.3,131.6,128.8,65.9,63.3,32.7,29.8,79.3,75.8,50.2,51.1,11.4,10.7,25.2,26.2,12.7,13.2,3.4,3.1,3.4,2.2,54.3,48.5,3.4,2.6
0.7280,0.8183,4665.7,11.55,6.17,1105.9,1775.8,2656.7,3936.7,0.869,0.834,3.4,3,65.9,62.7,47.7,44.7,55,52.4,131.6,128.8,65.9,63.3,32.7,29.8,79.3,75.7,50.1,51.1,11.4,10.7,25.1,26.1,12.6,13.2,3.4,3.1,3.4,2.2,54.3,48.5,3.4,2.6
0.7300,0.8207,4682.6,11.53,6.17,1105.9,1775.4,2656.7,3936.7,0.872,0.837,3.4,3,65.9,62.7,47.7,44.7,54.9,52.7,131.6,128.8,65.9,63.3,32.7,29.8,79.2,75.7,50.1,51,11.4,10.7,25.1,26.1,12.6,13.2,3.4,3.1,3.4,2.2,54.2,48.5,3.4,2.6
0.7330,0.8242,4699,11.51,6.17,1105.9,1775.1,2656.7,3936.7,0.874,0.841,3.4,3,65.9,62.7,47.7,44.7,54.9,52.7,131.6,128.8,65.9,63.3,32.7,29.8,79.2,75.4,50.1,51,11.4,10.7,25.1,26.1,12.6,13.2,3.4,3.1,3.4,2.2,54.2,48.5,3.4,2.6
0.7350,0.8265,4715.8,11.51,6.17,1105.9,1774.7,2656.7,3936.7,0.877,0.844,3.4,3,65.9,62.7,47.7,44.7,54.9,52.6,131.6,128.8,65.9,63.3,32.7,29.8,79.1,75.6,50,51,11.4,10.7,25.1,26.1,12.6,13.1,3.4,3.1,3.4,2.2,54.2,48.4,3.4,2.6
0.7380,0.8300,4732.5,11.48,6.17,1105.9,1774.4,2656.7,3936.7,0.88,0.848,3.4,3,65.9,62.7,47.7,44.7,54.8,52.6,131.6,128.8,65.9,63.3,32.7,29.8,79.1,75.5,50,51,11.4,10.7,25.1,26.1,12.6,13.1,3.4,3.1,3.4,2.2,54.1,48.4,3.4,2.6
0.7410,0.8335,4749.3,11.46,6.17,1105.9,1774,2656.7,3936.7,0.883,0.851,3.4,3,65.9,62.7,47.7,44.7,54.8,52.5,131.6,128.8,65.9,63.3,32.7,29.8,79,75.5,50,50.9,11.4,10.7,25.1,26.1,12.6,13.1,3.4,3.1,3.4,2.2,54.1,48.4,3.4,2.6
0.7430,0.8358,4765.8,11.46,6.17,1105.9,1773.7,2656.7,3936.7,0.886,0.855,3.4,3,65.9,62.7,47.7,44.7,54.8,52.5,131.6,128.8,65.9,63.3,32.7,29.8,79,75.4,49.9,50.9,11.4,10.7,25,26.1,12.6,13.1,3.4,3.1,3.4,2.2,54.1,48.3,3.4,2.6
0.7460,0.8392,4782.4,11.44,6.17,1105.9,1773.3,2656.7,3936.7,0.888,0.858,3.4,3,65.9,62.7,47.7,44.7,54.7,52.5,131.6,128.8,65.9,63.3,32.7,29.8,78.9,75.4,49.9,50.9,11.4,10.7,25,26,12.6,13.1,3.4,3.1,3.4,2.2,54,48.3,3.4,2.6
0.7480,0.8415,4799.5,11.42,6.17,1105.9,1773,2656.7,3936.7,0.891,0.861,3.4,3,65.9,62.7,47.7,44.7,54.7,52.4,131.6,128.8,65.9,63.3,32.7,29.8,78.9,75.3,49.9,50.8,11.4,10.7,25,26,12.6,13.1,3.4,3.1,3.4,2.2,54,48.3,3.4,2.6
0.7510,0.8449,4816.2,11.42,6.17,1105.9,1772.6,2656.7,3936.7,0.894,0.865,3.4,3,65.9,62.7,47.7,44.7,54.7,52.4,131.6,128.8,65.9,63.3,32.7,29.8,78.8,75.3,49.9,50.8,11.4,10.7,25,26,12.6,13.1,3.4,3.1,3.4,2.2,54,48.3,3.4,2.6
0.7540,0.8482,4832.6,11.4,6.17,1105.9,1772.3,2656.7,3936.7,0.896,0.868,3.4,3,65.9,62.7,47.7,44.7,54.6,52.3,131.6,128.8,65.9,63.3,32.7,29.8,78.8,75.2,49.8,50.8,11.4,10.7,25,26,12.6,13.1,3.4,3.1,3.4,2.2,53.9,48.2,3.4,2.6
0.7560,0.8504,4849.2,11.37,6.17,1105.9,1772,2656.7,3936.7,0.899,0.871,3.4,3,65.9,62.7,47.7,44.7,54.6,52.3,131.6,128.8,65.9,63.3,32.7,29.8,78.7,75.2,49.8,50.7,11.4,10.7,25,26,12.6,13.1,3.4,3.1,3.4,2.2,53.9,48.2,3.4,2.6
0.7590,0.8538,4866,11.37,6.17,1105.9,1771.6,2656.7,3936.7,0.901,0.874,3.4,3,65.9,62.7,47.7,44.7,54.6,52.3,131.6,128.8,65.9,63.3,32.7,29.8,78.7,75.1,49.8,50.7,11.4,10.7,25,26,12.6,13.1,3.4,3.1,3.4,2.2,53.9,48.2,3.4,2.6
0.7620,0.8570,4884,11.35,6.17,1105.9,1771.3,2656.7,3936.7,0.904,0.878,3.4,3,65.9,62.7,47.7,44.7,54.5,52.2,131.6,128.8,65.9,63.3,32.7,29.8,78.6,75.1,49.7,50.7,11.4,10.7,24.9,26,12.5,13.1,3.4,3.1,3.4,2.2,53.9,48.1,3.4,2.6
0.7640,0.8592,4899.3,11.33,6.17,1105.9,1771,2656.7,3936.7,0.907,0.881,3.4,3,65.9,62.7,47.7,44.7,54.5,52.2,131.6,128.8,65.9,63.3,32.7,29.8,78.6,75,49.7,50.7,11.4,10.7,24.9,25.9,12.5,13.1,3.4,3.1,3.4,2.2,53.8,48.1,3.4,2.6
0.7670,0.8624,4916.1,11.33,6.17,1105.9,1770.6,2656.7,3936.7,0.909,0.884,3.4,3,65.9,62.7,47.7,44.7,54.5,52.2,131.6,128.8,65.9,63.3,32.7,29.8,78.6,75,49.7,50.6,11.4,10.7,24.9,25.9,12.5,13.1,3.4,3.1,3.4,2.2,53.8,48.1,3.4,2.6
0.7690,0.8646,4932.7,11.31,6.17,1105.9,1770.3,2656.7,3936.7,0.911,0.887,3.4,3,65.9,62.7,47.7,44.7,54.5,52.1,131.6,128.8,65.9,63.3,32.7,29.8,78.5,74.9,49.7,50.6,11.4,10.7,24.9,25.9,12.5,13,3.4,3.1,3.4,2.2,53.8,48.1,3.4,2.6
0.7720,0.8678,4949.5,11.31,6.17,1105.9,1770,2656.7,3936.7,0.914,0.89,3.4,3,65.9,62.7,47.7,44.7,54.4,52.1,131.6,128.8,65.9,63.3,32.7,29.8,78.5,74.9,49.6,50.6,11.4,10.7,24.9,25.9,12.5,13,3.4,3.1,3.4,2.2,53.7,48,3.4,2.6
0.7750,0.8709,4965.9,11.29,6.17,1105.9,1769.7,2656.7,3936.7,0.916,0.893,3.4,3,65.9,62.7,47.7,44.7,54.4,52,131.6,128.8,65.9,63.3,32.7,29.8,78.4,74.8,49.6,50.6,11.4,10.7,24.9,25.9,12.5,13,3.4,3.1,3.4,2.2,53.7,48,3.4,2.6
0.7770,0.8730,4982.7,11.26,6.17,1105.9,1769.4,2656.7,3936.7,0.919,0.896,3.4,3,65.9,62.7,47.7,44.7,54.4,52,131.6,128.8,65.9,63.3,32.7,29.8,78.4,74.8,49.6,50.5,11.4,10.7,24.9,25.9,12.5,13,3.4,3.1,3.4,2.2,53.7,48,3.4,2.6
0.7800,0.8761,4999.4,11.26,6.17,1105.9,1769,2656.7,3936.7,0.921,0.899,3.4,3,65.9,62.7,47.7,44.7,54.3,52,131.6,128.8,65.9,63.3,32.7,29.8,78.4,74.7,49.6,50.5,11.4,10.7,24.9,25.9,12.5,13,3.4,3.1,3.4,2.2,53.7,48,3.4,2.6
0.7820,0.8781,5016,11.24,6.17,1105.9,1768.7,2656.7,3936.7,0.923,0.902,3.4,3,65.9,62.7,47.7,44.7,54.3,51.9,131.6,128.8,65.9,63.3,32.7,29.8,78.3,74.7,49.5,50.5,11.4,10.7,24.8,25.9,12.5,13,3.4,3.1,3.4,2.2,53.6,47.9,3.4,2.6
0.7850,0.8812,5032.6,11.24,6.17,1105.9,1768.4,2656.7,3936.7,0.925,0.905,3.4,3,65.9,62.7,47.7,44.7,54.3,51.9,131.6,128.8,65.9,63.3,32.7,29.8,78.3,74.7,49.5,50.5,11.4,10.7,24.8,25.8,12.5,13,3.4,3.1,3.4,2.2,53.6,47.9,3.4,2.6
0.7880,0.8842,5049.7,11.22,6.17,1105.9,1768.1,2656.7,3936.7,0.928,0.907,3.4,3,65.9,62.7,47.7,44.7,54.3,51.9,131.6,128.8,65.9,63.3,32.7,29.8,78.2,74.6,49.5,50.4,11.4,10.7,24.8,25.8,12.5,13,3.4,3.1,3.4,2.2,53.6,47.9,3.4,2.6
0.7900,0.8862,5066.4,11.2,6.17,1105.9,1767.8,2656.7,3936.7,0.93,0.91,3.4,3,65.9,62.7,47.7,44.7,54.2,51.8,131.6,128.8,65.9,63.3,32.7,29.8,78.2,74.6,49.5,50.4,11.4,10.7,24.8,25.8,12.5,13,3.4,3.1,3.4,2.2,53.6,47.9,3.4,2.6
0.7930,0.8892,5082.8,11.2,6.17,1105.9,1767.5,2656.7,3936.7,0.932,0.913,3.4,3,65.9,62.7,47.7,44.7,54.2,51.8,131.6,128.8,65.9,63.3,32.7,29.8,78.2,74.5,49.4,50.3,11.4,10.7,24.8,25.8,12.5,13,3.4,3.1,3.4,2.2,53.5,47.9,3.4,2.6
0.7950,0.8912,5099.6,11.18,6.17,1105.9,1767.2,2656.7,3936.7,0.934,0.916,3.4,3,65.9,62.7,47.7,44.7,54.2,51.8,131.6,128.8,65.9,63.3,32.7,29.8,78.1,74.5,49.4,50.3,11.4,10.7,24.8,25.8,12.5,13,3.4,3.1,3.4,2.2,53.5,47.8,3.4,2.6
0.7980,0.8941,5116.3,11.18,6.17,1105.9,1766.9,2656.7,3936.7,0.936,0.918,3.4,3,65.9,62.7,47.7,44.7,54.2,51.7,131.6,128.8,65.9,63.3,32.7,29.8,78.1,74.5,49.4,50.4,11.4,10.7,24.8,25.8,12.5,13,3.4,3.1,3.4,2.2,53.5,47.8,3.4,2.6
0.8010,0.8970,5132.7,11.15,6.17,1105.9,1766.7,2656.7,3936.7,0.938,0.921,3.4,3,65.9,62.7,47.7,44.7,54.1,51.7,131.6,128.8,65.9,63.3,32.7,29.8,78.1,74.4,49.4,50.4,11.4,10.7,24.8,25.8,12.5,13,3.4,3.1,3.4,2.2,53.5,47.8,3.4,2.6
0.8030,0.8989,5149.4,11.15,6.17,1105.9,1766.4,2656.7,3936.7,0.94,0.923,3.4,3,65.9,62.7,47.7,44.7,54.1,51.7,131.6,128.8,65.9,63.3,32.7,29.8,78,74.4,49.4,50.3,11.4,10.7,24.7,25.8,12.4,13,3.4,3.1,3.4,2.2,53.4,47.8,3.4,2.6
0.8060,0.9017,5166.2,11.13,6.17,1105.9,1766.1,2656.7,3936.7,0.942,0.926,3.4,3,65.9,62.7,47.7,44.7,54.1,51.7,131.6,128.8,65.9,63.3,32.7,29.8,78,74.4,49.3,50.3,11.4,10.7,24.7,25.8,12.4,12.9,3.4,3.1,3.4,2.2,53.4,47.8,3.4,2.6
0.8080,0.9036,5182.9,11.13,6.17,1105.9,1765.8,2656.7,3936.7,0.944,0.928,3.4,3,65.9,62.7,47.7,44.7,54.1,51.6,131.6,128.8,65.9,63.3,32.7,29.8,78,74.3,49.3,50.3,11.4,10.7,24.7,25.7,12.4,12.9,3.4,3.1,3.4,2.2,53.4,47.7,3.4,2.7
0.8110,0.9063,5199.6,11.11,6.17,1105.9,1765.5,2656.7,3936.7,0.946,0.931,3.4,3,65.9,62.7,47.7,44.7,54.1,51.6,131.6,128.8,65.9,63.3,32.7,29.8,77.9,74.3,49.3,50.2,11.4,10.7,24.7,25.7,12.4,12.9,3.4,3.1,3.4,2.2,53.4,47.7,3.4,2.7
0.8140,0.9091,5216.1,11.11,6.17,1105.9,1765.3,2656.7,3936.7,0.948,0.933,3.4,3,65.9,62.7,47.7,44.7,54,51.6,131.6,128.8,65.9,63.3,32.7,29.8,77.9,74.2,49.3,50.2,11.4,10.7,24.7,25.7,12.4,12.9,3.4,3.1,3.4,2.2,53.3,47.7,3.4,2.7
0.8160,0.9109,5232.9,11.09,6.17,1105.9,1765,2656.7,3936.7,0.95,0.935,3.4,3,65.9,62.7,47.7,44.7,54,51.6,131.6,128.8,65.9,63.3,32.7,29.8,77.9,74.2,49.3,50.2,11.4,10.7,24.7,25.7,12.4,12.9,3.4,3.1,3.4,2.2,53.3,47.7,3.4,2.7
0.8190,0.9136,5249.5,11.09,6.17,1105.9,1764.7,2656.7,3936.7,0.952,0.938,3.4,3,65.9,62.7,47.7,44.7,54,51.5,131.6,128.8,65.9,63.3,32.7,29.8,77.8,74.2,49.2,50.2,11.4,10.7,24.7,25.7,12.4,12.9,3.4,3.1,3.4,2.2,53.3,47.7,3.4,2.7
0.8210,0.9153,5266.3,11.07,6.17,1105.9,1764.4,2656.7,3936.7,0.953,0.94,3.4,3,65.9,62.7,47.7,44.7,54,51.5,131.6,128.8,65.9,63.3,32.7,29.8,77.8,74.2,49.2,50.1,11.4,10.7,24.7,25.7,12.4,12.9,3.4,3.1,3.4,2.2,53.3,47.6,3.4,2.7
0.8240,0.9180,5283.2,11.07,6.17,1105.9,1764.2,2656.7,3936.7,0.955,0.942,3.4,3,65.9,62.7,47.7,44.7,53.9,51.5,131.6,128.8,65.9,63.3,32.7,29.8,77.8,74.1,49.2,50.1,11.4,10.7,24.7,25.7,12.4,12.9,3.4,3.1,3.4,2.2,53.3,47.6,3.4,2.7
0.8270,0.9206,5299.7,11.04,6.17,1105.9,1763.9,2656.7,3936.7,0.957,0.944,3.4,3,65.9,62.7,47.7,44.7,53.9,51.4,131.6,128.8,65.9,63.3,32.7,29.8,77.8,74.1,49.2,50.1,11.4,10.7,24.7,25.7,12.4,12.9,3.4,3.1,3.4,2.2,53.2,47.6,3.4,2.7
0.8290,0.9223,5316.8,11.04,6.17,1105.9,1763.7,2656.7,3936.7,0.958,0.946,3.4,3,65.9,62.7,47.7,44.7,53.9,51.4,131.6,128.8,65.9,63.3,32.7,29.8,77.7,74.1,49.2,50.1,11.4,10.7,24.7,25.7,12.4,12.9,3.4,3.1,3.4,2.2,53.2,47.6,3.4,2.7
0.8320,0.9248,5333,11.02,6.17,1105.9,1763.4,2656.7,3936.7,0.96,0.949,3.4,3,65.9,62.7,47.7,44.7,53.9,51.4,131.6,128.8,65.9,63.3,32.7,29.8,77.7,74,49.1,50.1,11.4,10.7,24.6,25.7,12.4,12.9,3.4,3.1,3.4,2.2,53.2,47.6,3.4,2.7
0.8340,0.9265,5349.5,11.02,6.17,1105.9,1763.2,2656.7,3936.7,0.962,0.951,3.4,3,65.9,62.7,47.7,44.7,53.9,51.4,131.6,128.8,65.9,63.3,32.7,29.8,77.7,74,49.1,50.1,11.4,10.7,24.6,25.7,12.4,12.9,3.4,3.1,3.4,2.2,53.2,47.6,3.4,2.7
0.8370,0.9290,5366.3,11,6.17,1105.9,1762.9,2656.7,3936.7,0.963,0.953,3.4,3,65.9,62.7,47.7,44.7,53.9,51.4,131.6,128.8,65.9,63.3,32.7,29.8,77.6,74,49.1,50,11.4,10.7,24.6,25.6,12.4,12.9,3.4,3.1,3.4,2.2,53.2,47.5,3.4,2.7
0.8400,0.9314,5383.2,11,6.17,1105.9,1762.7,2656.7,3936.7,0.965,0.954,3.4,3,65.9,62.7,47.7,44.7,53.8,51.3,131.6,128.8,65.9,63.3,32.7,29.8,77.6,73.9,49.1,50,11.4,10.7,24.6,25.6,12.4,12.9,3.4,3.1,3.4,2.2,53.1,47.5,3.4,2.7
0.8420,0.9330,5399.6,10.98,6.17,1105.9,1762.4,2656.7,3936.7,0.966,0.956,3.4,3,65.9,62.7,47.7,44.7,53.8,51.3,131.6,128.8,65.9,63.3,32.7,29.8,77.6,73.9,49.1,50,11.4,10.7,24.6,25.6,12.4,12.9,3.4,3.1,3.4,2.2,53.1,47.5,3.4,2.7
0.8450,0.9354,5416.9,10.98,6.17,1105.9,1762.2,2656.7,3936.7,0.968,0.958,3.4,3,65.9,62.7,47.7,44.7,53.8,51.3,131.6,128.8,65.9,63.3,32.7,29.8,77.6,73.9,49.1,50,11.4,10.7,24.6,25.6,12.4,12.9,3.4,3.1,3.4,2.2,53.1,47.5,3.4,2.7
0.8480,0.9377,5433,10.98,6.17,1105.9,1762,2656.7,3936.7,0.969,0.96,3.4,3,65.9,62.7,47.7,44.7,53.8,51.3,131.6,128.8,65.9,63.3,32.7,29.8,77.5,73.9,49,50,11.4,10.7,24.6,25.6,12.4,12.9,3.4,3.1,3.4,2.2,53.1,47.5,3.4,2.7
0.8500,0.9392,5449.9,10.96,6.17,1105.9,1761.7,2656.7,3936.7,0.97,0.962,3.4,3,65.9,62.7,47.7,44.7,53.8,51.3,131.6,128.8,65.9,63.3,32.7,29.8,77.5,73.8,49,50,11.4,10.7,24.6,25.6,12.4,12.9,3.4,3.1,3.4,2.2,53.1,47.5,3.4,2.7
0.8530,0.9415,5466.3,10.96,6.17,1105.9,1761.5,2656.7,3936.7,0.972,0.963,3.4,3,65.9,62.7,47.7,44.7,53.8,51.2,131.6,128.8,65.9,63.3,32.7,29.8,77.5,73.8,49,49.9,11.4,10.7,24.6,25.6,12.4,12.9,3.4,3.1,3.4,2.2,53.1,47.5,3.4,2.7
0.8550,0.9430,5483.3,10.93,6.17,1105.9,1761.3,2656.7,3936.7,0.973,0.965,3.4,3,65.9,62.7,47.7,44.7,53.7,51.2,131.6,128.8,65.9,63.3,32.7,29.8,77.5,73.8,49,49.9,11.4,10.7,24.6,25.6,12.4,12.9,3.4,3.1,3.4,2.2,53.1,47.4,3.4,2.7
0.8580,0.9452,5499.8,10.93,6.17,1105.9,1761.1,2656.7,3936.7,0.974,0.967,3.3,3,65.9,62.7,47.7,44.7,53.7,51.2,131.6,128.8,65.9,63.3,32.7,29.8,77.5,73.8,49,49.9,11.4,10.7,24.6,25.6,12.4,12.8,3.3,3.1,3.3,2.3,53,47.4,3.3,2.7
0.8610,0.9474,5516.6,10.93,6.17,1105.9,1760.8,2656.7,3936.7,0.975,0.968,3.3,3,65.9,62.7,47.7,44.7,53.7,51.2,131.6,128.8,65.9,63.3,32.7,29.8,77.4,73.8,49,49.9,11.4,10.7,24.6,25.6,12.4,12.8,3.3,3.1,3.3,2.3,53,47.4,3.3,2.7
0.8630,0.9488,5533.6,10.91,6.17,1105.9,1760.6,2656.7,3936.7,0.977,0.97,3.3,3,65.9,62.7,47.7,44.7,53.7,51.2,131.6,128.8,65.9,63.3,32.7,29.8,77.4,73.7,49,49.9,11.4,10.7,24.6,25.6,12.3,12.8,3.3,3.1,3.3,2.3,53,47.4,3.3,2.7
0.8660,0.9509,5549.8,10.91,6.17,1105.9,1760.4,2656.7,3936.7,0.978,0.971,3.3,3,65.9,62.7,47.7,44.7,53.7,51.1,131.6,128.8,65.9,63.3,32.7,29.8,77.4,73.7,49,49.9,11.4,10.7,24.5,25.6,12.3,12.8,3.3,3.1,3.3,2.3,53,47.4,3.3,2.7
0.8680,0.9523,5566.5,10.89,6.17,1105.9,1760.2,2656.7,3936.7,0.979,0.973,3.3,3,65.9,62.7,47.7,44.7,53.7,51.1,131.6,128.8,65.9,63.3,32.7,29.8,77.4,73.7,48.9,49.9,11.4,10.7,24.5,25.6,12.3,12.8,3.3,3.1,3.3,2.3,53,47.4,3.3,2.7
0.8710,0.9544,5583.2,10.89,6.17,1105.9,1760,2656.7,3936.7,0.98,0.974,3.3,3,65.9,62.7,47.7,44.7,53.7,51.1,131.6,128.8,65.9,63.3,32.7,29.8,77.4,73.7,48.9,49.9,11.4,10.7,24.5,25.6,12.3,12.8,3.3,3.1,3.3,2.3,53,47.4,3.3,2.7
0.8740,0.9564,5599.7,10.89,6.17,1105.9,1759.8,2656.7,3936.7,0.981,0.976,3.3,3,65.9,62.7,47.7,44.7,53.6,51.1,131.6,128.8,65.9,63.3,32.7,29.8,77.3,73.7,48.9,49.8,11.4,10.7,24.5,25.5,12.3,12.8,3.3,3.1,3.3,2.3,53,47.4,3.3,2.7
0.8760,0.9577,5616.8,10.87,6.17,1105.9,1759.6,2656.7,3936.7,0.982,0.977,3.3,3,65.9,62.7,47.7,44.7,53.6,51.1,131.6,128.8,65.9,63.3,32.7,29.8,77.3,73.6,48.9,49.9,11.4,10.7,24.5,25.5,12.3,12.8,3.3,3.1,3.3,2.3,52.9,47.3,3.3,2.7
0.8790,0.9596,5633.6,10.87,6.17,1105.9,1759.4,2656.7,3936.7,0.983,0.978,3.3,3,65.9,62.7,47.7,44.7,53.6,51.1,131.6,128.8,65.9,63.3,32.7,29.8,77.3,73.6,48.9,49.9,11.4,10.7,24.5,25.5,12.3,12.8,3.3,3.1,3.3,2.3,52.9,47.3,3.3,2.7
0.8810,0.9609,5649.9,10.87,6.17,1105.9,1759.2,2656.7,3936.7,0.984,0.979,3.3,3,65.9,62.7,47.7,44.7,53.6,51.1,131.6,128.8,65.9,63.3,32.7,29.8,77.3,73.6,48.9,49.9,11.4,10.7,24.5,25.5,12.3,12.8,3.3,3.1,3.3,2.3,52.9,47.3,3.3,2.7
0.8840,0.9628,5666.5,10.85,6.17,1105.9,1759,2656.7,3936.7,0.985,0.98,3.3,3,65.9,62.7,47.7,44.7,53.6,51,131.6,128.8,65.9,63.3,32.7,29.8,77.3,73.6,48.9,49.8,11.4,10.7,24.5,25.5,12.3,12.8,3.3,3.1,3.3,2.3,52.9,47.3,3.3,2.7
0.8870,0.9646,5683.5,10.85,6.17,1105.9,1758.8,2656.7,3936.7,0.986,0.982,3.3,3,65.9,62.7,47.7,44.7,53.6,51,131.6,128.8,65.9,63.3,32.7,29.8,77.3,73.6,48.9,49.8,11.4,10.7,24.5,25.5,12.3,12.8,3.3,3.1,3.3,2.3,52.9,47.3,3.3,2.7
0.8890,0.9658,5700,10.85,6.17,1105.9,1758.7,2656.7,3936.7,0.987,0.983,3.3,3,65.9,62.7,47.7,44.7,53.6,51,131.6,128.8,65.9,63.3,32.7,29.8,77.3,73.6,48.9,49.8,11.4,10.7,24.5,25.5,12.3,12.8,3.3,3.1,3.3,2.3,52.9,47.3,3.3,2.7
0.8920,0.9675,5716.8,10.82,6.17,1105.9,1758.5,2656.7,3936.7,0.987,0.984,3.3,3,65.9,62.7,47.7,44.7,53.6,50.6,131.6,128.8,65.9,63.3,32.7,29.8,77.2,73.5,48.9,49.8,11.4,10.7,24.5,25.5,12.3,12.8,3.3,3.1,3.3,2.3,52.9,47.3,3.3,2.7
0.8940,0.9687,5733.5,10.82,6.17,1105.9,1758.3,2656.7,3936.7,0.988,0.985,3.3,3,65.9,62.7,47.7,44.7,53.6,50.6,131.6,128.8,65.9,63.3,32.7,29.8,77.2,73.5,48.8,49.8,11.4,10.7,24.5,25.5,12.3,12.8,3.3,3.1,3.3,2.3,52.9,47.3,3.3,2.7
0.8970,0.9704,5750.4,10.82,6.17,1105.9,1758.1,2656.7,3936.7,0.989,0.986,3.3,3,65.9,62.7,47.7,44.7,53.6,50.9,131.6,128.8,65.9,63.3,32.7,29.8,77.2,73.5,48.8,49.8,11.4,10.7,24.5,25.5,12.3,12.8,3.3,3.1,3.3,2.3,52.9,47.3,3.3,2.7
0.9000,0.9720,5766.8,10.8,6.17,1105.9,1758,2656.7,3936.7,0.99,0.987,3.3,3,65.9,62.7,47.7,44.7,53.5,51,131.6,128.8,65.9,63.3,32.7,29.8,77.2,73.5,48.8,49.8,11.4,10.7,24.5,25.5,12.3,12.8,3.3,3.1,3.3,2.3,52.9,47.3,3.3,2.7
0.9020,0.9731,5783.9,10.8,6.17,1105.9,1757.8,2656.7,3936.7,0.99,0.988,3.3,3,65.9,62.7,47.7,44.7,53.5,51,131.6,128.8,65.9,63.3,32.7,29.8,77.2,73.5,48.8,49.8,11.4,10.7,24.5,25.5,12.3,12.8,3.3,3.1,3.3,2.3,52.9,47.3,3.3,2.7
0.9050,0.9746,5800.2,10.8,6.17,1105.9,1757.6,2656.7,3936.7,0.991,0.989,3.3,3,65.9,62.7,47.7,44.7,53.5,50.9,131.6,128.8,65.9,63.3,32.7,29.8,77.2,73.5,48.8,49.8,11.4,10.7,24.5,25.5,12.3,12.8,3.3,3.1,3.3,2.3,52.8,47.3,3.3,2.7
0.9070,0.9757,5817,10.8,6.17,1105.9,1757.5,2656.7,3936.7,0.992,0.989,3.3,3,65.9,62.7,47.7,44.7,53.5,50.9,131.6,128.8,65.9,63.3,32.7,29.8,77.2,73.5,48.8,49.7,11.4,10.7,24.5,25.5,12.3,12.8,3.3,3.1,3.3,2.3,52.8,47.3,3.3,2.7
0.9100,0.9772,5833.6,10.78,6.17,1105.9,1757.3,2656.7,3936.7,0.992,0.99,3.3,3,65.9,62.7,47.7,44.7,53.5,50.9,131.6,128.8,65.9,63.3,32.7,29.8,77.2,73.5,48.8,49.7,11.4,10.7,24.5,25.5,12.3,12.8,3.3,3.1,3.3,2.3,52.8,47.2,3.3,2.7
0.9130,0.9786,5850.7,10.78,6.17,1105.9,1757.2,2656.7,3936.7,0.993,0.991,3.3,3,65.9,62.7,47.7,44.7,53.5,50.9,131.6,128.8,65.9,63.3,32.7,29.8,77.2,73.4,48.8,49.7,11.4,10.7,24.5,25.5,12.3,12.8,3.3,3.1,3.3,2.3,52.8,47.2,3.3,2.7
0.9150,0.9796,5866.8,10.78,6.17,1105.9,1757,2656.7,3936.7,0.993,0.992,3.3,3,65.9,62.7,47.7,44.7,53.5,50.9,131.6,128.8,65.9,63.3,32.7,29.8,77.1,73.4,48.8,49.7,11.4,10.7,24.5,25.5,12.3,12.8,3.3,3.1,3.3,2.3,52.8,47.2,3.3,2.7
0.9180,0.9809,5883.5,10.78,6.17,1105.9,1756.9,2656.7,3936.7,0.994,0.992,3.3,3,65.9,62.7,47.7,44.7,53.5,50.9,131.6,128.8,65.9,63.3,32.7,29.8,77.1,73.4,48.8,49.7,11.4,10.7,24.5,25.5,12.3,12.8,3.3,3.1,3.3,2.3,52.8,47.2,3.3,2.7
0.9210,0.9823,5900.3,10.76,6.17,1105.9,1756.8,2656.7,3936.7,0.994,0.993,3.3,3,65.9,62.7,47.7,44.7,53.5,50.9,131.6,128.8,65.9,63.3,32.7,29.8,77.1,73.4,48.8,49.7,11.4,10.7,24.5,25.5,12.3,12.8,3.3,3.1,3.3,2.3,52.8,47.2,3.3,2.7
0.9230,0.9831,5916.7,10.76,6.17,1105.9,1756.6,2656.7,3936.7,0.995,0.994,3.3,3,65.9,62.7,47.7,44.7,53.5,50.9,131.6,128.8,65.9,63.3,32.7,29.8,77.1,73.4,48.8,49.7,11.4,10.7,24.5,25.5,12.3,12.8,3.3,3.1,3.3,2.3,52.8,47.2,3.3,2.7
0.9260,0.9844,5933.6,10.76,6.17,1105.9,1756.5,2656.7,3936.7,0.995,0.994,3.3,3,65.9,62.7,47.7,44.7,53.5,50.9,131.6,128.8,65.9,63.3,32.7,29.8,77.1,73.4,48.8,49.7,11.4,10.7,24.5,25.5,12.3,12.8,3.3,3.1,3.3,2.3,52.8,47.2,3.3,2.7
0.9280,0.9852,5950.5,10.76,6.17,1105.9,1756.4,2656.7,3936.7,0.996,0.995,3.3,3,65.9,62.7,47.7,44.7,53.5,50.9,131.6,128.8,65.9,63.3,32.7,29.8,77.1,73.4,48.8,49.7,11.4,10.7,24.5,25.5,12.3,12.8,3.3,3.1,3.3,2.3,52.8,47.2,3.3,2.7
0.9310,0.9864,5966.9,10.74,6.17,1105.9,1756.3,2656.7,3936.7,0.996,0.995,3.3,3,65.9,62.7,47.7,44.7,53.5,50.9,131.6,128.8,65.9,63.3,32.7,29.8,77.1,73.4,48.8,49.7,11.4,10.7,24.5,25.5,12.3,12.8,3.3,3.1,3.3,2.3,52.8,47.2,3.3,2.7
0.9340,0.9875,5983.9,10.74,6.17,1105.9,1756.1,2656.7,3936.7,0.997,0.996,3.3,3,65.9,62.7,47.7,44.7,53.5,50.9,131.6,128.8,65.9,63.3,32.7,29.8,77.1,73.4,48.8,49.7,11.4,10.7,24.5,25.5,12.3,12.8,3.3,3.1,3.3,2.3,52.8,47.2,3.3,2.7
0.9360,0.9882,6000.3,10.74,6.17,1105.9,1756,2656.7,3936.7,0.997,0.996,3.3,3,65.9,62.7,47.7,44.7,53.5,50.9,131.6,128.8,65.9,63.3,32.7,29.8,77.1,73.4,48.8,49.7,11.4,10.7,24.5,25.5,12.3,12.8,3.3,3.1,3.3,2.3,52.8,47.2,3.3,2.7
0.9390,0.9893,6016.8,10.74,6.17,1105.9,1755.9,2656.7,3936.7,0.997,0.996,3.3,3,65.9,62.7,47.7,44.7,53.5,50.9,131.6,128.8,65.9,63.3,32.7,29.8,77.1,73.4,48.8,49.7,11.4,10.7,24.5,25.5,12.3,12.8,3.3,3.1,3.3,2.3,52.8,47.2,3.3,2.7
0.9410,0.9900,6033.8,10.74,6.17,1105.9,1755.8,2656.7,3936.7,0.998,0.997,3.3,3,65.9,62.7,47.7,44.7,53.5,50.9,131.6,128.8,65.9,63.3,32.7,29.8,77.1,73.4,48.8,49.7,11.4,10.7,24.5,25.5,12.3,12.8,3.3,3.1,3.3,2.3,52.8,47.2,3.3,2.7
0.9440,0.9909,6050.6,10.74,6.17,1105.9,1755.7,2656.7,3936.7,0.998,0.997,3.3,3,65.9,62.7,47.7,44.7,53.5,50.8,131.6,128.8,65.9,63.3,32.7,29.8,77.1,73.4,48.8,49.7,11.4,10.7,24.5,25.5,12.3,12.8,3.3,3.1,3.3,2.3,52.8,47.2,3.3,2.7
0.9470,0.9919,6067,10.71,6.17,1105.9,1755.6,2656.7,3936.7,0.998,0.998,3.3,3,65.9,62.7,47.7,44.7,53.5,50.8,131.6,128.8,65.9,63.3,32.7,29.8,77.1,73.4,48.8,49.7,11.4,10.7,24.4,25.5,12.3,12.8,3.3,3.1,3.3,2.3,52.8,47.2,3.3,2.7
0.9490,0.9925,6083.8,10.71,6.17,1105.9,1755.5,2656.7,3936.7,0.998,0.998,3.3,3,65.9,62.7,47.7,44.7,53.5,50.8,131.6,128.8,65.9,63.3,32.7,29.8,77.1,73.4,48.8,49.7,11.4,10.7,24.4,25.5,12.3,12.8,3.3,3.1,3.3,2.3,52.8,47.2,3.3,2.7
0.9520,0.9933,6100.4,10.71,6.17,1105.9,1755.4,2656.7,3936.7,0.999,0.998,3.3,3,65.9,62.7,47.7,44.7,53.4,50.8,131.6,128.8,65.9,63.3,32.7,29.8,77.1,73.4,48.8,49.7,11.4,10.7,24.4,25.5,12.3,12.8,3.3,3.1,3.3,2.3,52.8,47.2,3.3,2.7
0.9540,0.9938,6117.1,10.71,6.17,1105.9,1755.3,2656.7,3936.7,0.999,0.998,3.3,3,65.9,62.7,47.7,44.7,53.4,50.8,131.6,128.8,65.9,63.3,32.7,29.8,77.1,73.4,48.8,49.7,11.4,10.7,24.4,25.5,12.3,12.8,3.3,3.1,3.3,2.3,52.8,47.2,3.3,2.7
0.9570,0.9946,6133.7,10.71,6.17,1105.9,1755.2,2656.7,3936.7,0.999,0.999,3.3,3,65.9,62.7,47.7,44.7,53.4,50.8,131.6,128.8,65.9,63.3,32.7,29.8,77.1,73.3,48.7,49.7,11.4,10.7,24.4,25.5,12.3,12.8,3.3,3.1,3.3,2.3,52.8,47.2,3.3,2.7
0.9600,0.9953,6150.3,10.71,6.17,1105.9,1755.2,2656.7,3936.7,0.999,0.999,3.3,3,65.9,62.7,47.7,44.7,53.4,50.8,131.6,128.8,65.9,63.3,32.7,29.8,77.1,73.3,48.7,49.7,11.4,10.7,24.4,25.5,12.3,12.8,3.3,3.1,3.3,2.3,52.8,47.2,3.3,2.7
0.9620,0.9958,6167,10.71,6.17,1105.9,1755.1,2656.7,3936.7,0.999,0.999,3.3,3,65.9,62.7,47.7,44.7,53.4,50.8,131.6,128.8,65.9,63.3,32.7,29.8,77.1,73.3,48.7,49.7,11.4,10.7,24.4,25.5,12.3,12.8,3.3,3.1,3.3,2.3,52.8,47.2,3.3,2.7
0.9650,0.9964,6183.6,10.69,6.17,1105.9,1755,2656.7,3936.7,0.999,0.999,3.3,3,65.9,62.7,47.7,44.7,53.4,50.8,131.6,128.8,65.9,63.3,32.7,29.8,77.1,73.3,48.7,49.7,11.4,10.7,24.4,25.5,12.3,12.8,3.3,3.1,3.3,2.3,52.8,47.2,3.3,2.7
0.9670,0.9968,6200.3,10.69,6.17,1105.9,1755,2656.7,3936.7,0.999,0.999,3.3,3,65.9,62.7,47.7,44.7,53.4,50.8,131.6,128.8,65.9,63.3,32.7,29.8,77.1,73.3,48.7,49.7,11.4,10.7,24.4,25.4,12.3,12.8,3.3,3.1,3.3,2.3,52.8,47.2,3.3,2.7
0.9700,0.9974,6216.9,10.69,6.17,1105.9,1754.9,2656.7,3936.7,1,0.999,3.3,3,65.9,62.7,47.7,44.7,53.4,50.8,131.6,128.8,65.9,63.3,32.7,29.8,77.1,73.3,48.7,49.7,11.4,10.7,24.4,25.4,12.3,12.8,3.3,3.1,3.3,2.3,52.7,47.2,3.3,2.7
0.9730,0.9979,6233.6,10.69,6.17,1105.9,1754.8,2656.7,3936.7,1,1,3.3,3,65.9,62.7,47.7,44.7,53.4,50.8,131.6,128.8,65.9,63.3,32.7,29.8,77,73.3,48.7,49.7,11.4,10.7,24.4,25.4,12.3,12.8,3.3,3.1,3.3,2.3,52.7,47.2,3.3,2.7
0.9750,0.9982,6250.2,10.69,6.17,1105.9,1754.8,2656.7,3936.7,1,1,3.3,3,65.9,62.7,47.7,44.7,53.4,50.8,131.6,128.8,65.9,63.3,32.7,29.8,77,73.3,48.7,49.7,11.4,10.7,24.4,25.4,12.3,12.8,3.3,3.1,3.3,2.3,52.7,47.2,3.3,2.7
0.9780,0.9986,6267,10.69,6.17,1105.9,1754.7,2656.7,3936.7,1,1,3.3,3,65.9,62.7,47.7,44.7,53.4,50.8,131.6,128.8,65.9,63.3,32.7,29.8,77,73.3,48.7,49.7,11.4,10.7,24.4,25.4,12.3,12.8,3.3,3.1,3.3,2.3,52.7,47.2,3.3,2.7
0.9800,0.9988,6283.7,10.69,6.17,1105.9,1754.7,2656.7,3936.7,1,1,3.3,3,65.9,62.7,47.7,44.7,53.4,50.8,131.6,128.8,65.9,63.3,32.7,29.8,77,73.3,48.7,49.7,11.4,10.7,24.4,25.4,12.3,12.8,3.3,3.1,3.3,2.3,52.7,47.2,3.3,2.7
0.9830,0.9991,6300.4,10.69,6.17,1105.9,1754.6,2656.7,3936.7,1,1,3.3,3,65.9,62.7,47.7,44.7,53.4,50.8,131.6,128.8,65.9,63.3,32.7,29.8,77,73.3,48.7,49.7,11.4,10.7,24.4,25.4,12.3,12.8,3.3,3.1,3.3,2.3,52.7,47.2,3.3,2.7
0.9860,0.9994,6317.5,10.69,6.17,1105.9,1754.6,2656.7,3936.7,1,1,3.3,3,65.9,62.7,47.7,44.7,53.4,50.8,131.6,128.8,65.9,63.3,32.7,29.8,77,73.3,48.7,49.7,11.4,10.7,24.4,25.4,12.3,12.8,3.3,3.1,3.3,2.3,52.7,47.2,3.3,2.7
0.9880,0.9996,6334,10.69,6.17,1105.9,1754.6,2656.7,3936.7,1,1,3.3,3,65.9,62.7,47.7,44.7,53.4,50.8,131.6,128.8,65.9,63.3,32.7,29.8,77,73.3,48.7,49.7,11.4,10.7,24.4,25.4,12.3,12.8,3.3,3.1,3.3,2.3,52.7,47.2,3.3,2.7
0.9910,0.9998,6350.6,10.69,6.17,1105.9,1754.5,2656.7,3936.7,1,1,3.3,3,65.9,62.7,47.7,44.7,53.4,50.8,131.6,128.8,65.9,63.3,32.7,29.8,77,73.3,48.7,49.7,11.4,10.7,24.4,25.4,12.3,12.8,3.3,3.1,3.3,2.3,52.7,47.2,3.3,2.7
0.9940,0.9999,6367.3,10.69,6.17,1105.9,1754.5,2656.7,3936.7,1,1,3.3,3,65.9,62.7,47.7,44.7,53.4,50.8,131.6,128.8,65.9,63.3,32.7,29.8,77,73.3,48.7,49.7,11.4,10.7,24.4,25.4,12.3,12.8,3.3,3.1,3.3,2.3,52.7,47.2,3.3,2.7
0.9960,1.0000,6383.9,10.69,6.17,1105.9,1754.5,2656.7,3936.7,1,1,3.3,3,65.9,62.7,47.7,44.7,53.4,50.8,131.6,128.8,65.9,63.3,32.7,29.8,77,73.3,48.7,49.7,11.4,10.7,24.4,25.4,12.3,12.8,3.3,3.1,3.3,2.3,52.7,47.2,3.3,2.7
0.9990,1.0000,6400.4,10.69,6.17,1105.9,1754.5,2656.7,3936.7,1,1,3.3,3,65.9,62.7,47.7,44.7,53.4,50.8,131.6,128.8,65.9,63.3,32.7,29.8,77,73.3,48.7,49.7,11.4,10.7,24.4,25.4,12.3,12.8,3.3,3.1,3.3,2.3,52.7,47.2,3.3,2.7
1.0000,1.0000,6417,10.69,6.17,1105.9,1754.5,2656.7,3936.7,1,1,3.3,3,65.9,62.7,47.7,44.7,53.4,50.8,131.6,128.8,65.9,63.3,32.7,29.8,77,73.3,48.7,49.7,11.4,10.7,24.4,25.4,12.3,12.8,3.3,3.1,3.3,2.3,52.7,47.2,3.3,2.7
1.0000,1.0000,6433.9,10.69,6.17,1105.9,1754.4,2656.7,3936.7,1,1,3.3,3,65.9,62.7,47.7,44.7,53.4,50.8,131.6,128.8,65.9,63.3,32.7,29.8,77,73.3,48.7,49.7,11.4,10.7,24.4,25.4,12.3,12.8,3.3,3.1,3.3,2.3,52.7,47.2,3.3,2.7
1.0000,1.0000,6450.6,10.69,6.17,1105.9,1754.4,2656.7,3936.7,1,1,3.3,3,65.9,62.7,47.7,44.7,53.4,50.8,131.6,128.8,65.9,63.3,32.7,29.8,77,73.3,48.7,49.7,11.4,10.7,24.4,25.4,12.3,12.8,3.3,3.1,3.3,2.3,52.7,47.2,3.3,2.7
1.0000,1.0000,6467.4,10.69,6.17,1105.9,1754.4,2656.7,3936.7,1,1,3.3,3,65.9,62.7,47.7,44.7,53.4,50.8,131.6,128.8,65.9,63.3,32.7,29.8,77,73.3,48.7,49.7,11.4,10.7,24.4,25.4,12.3,12.8,3.3,3.1,3.3,2.3,52.7,47.2,3.3,2.7
